1-qid,two_realRank,State,SVM,CordAscent,LambdaMART,LambdaRank,LinearReg,ListNet,MART,RandomFor,RankBoost,RankNet,ndcg_term_SVM,ndcg_term_CordAscent,ndcg_term_LambdaMART,ndcg_term_LambdaRank,ndcg_term_LinearReg,ndcg_term_ListNet,ndcg_term_MART,ndcg_term_RandomFor,ndcg_term_RankBoost,ndcg_term_RankNet
2006,1,Alaska,4,3,1,1,1,7,1,1,2,50,0.25,0.333333333,1,1,1,0.142857143,1,1,0.5,0.02
2006,2,Nebraska,7,41,3,1,21,45,1,2,19,35,0.090132822,0.015388531,0.210309918,0.630929754,0.030044274,0.014020661,0.630929754,0.315464877,0.033206829,0.018026564
2006,3,Alabama,2,13,2,1,2,13,1,3,1,48,0.25,0.038461538,0.25,0.5,0.25,0.038461538,0.5,0.166666667,0.5,0.010416667
2006,4,South Dakota,5,47,3,1,26,47,1,5,5,42,0.086135312,0.009163331,0.143558853,0.430676558,0.016564483,0.009163331,0.430676558,0.086135312,0.086135312,0.010254204
2006,5,Utah,1,14,14,1,10,21,10,7,3,20,0.386852807,0.027632343,0.027632343,0.386852807,0.038685281,0.018421562,0.038685281,0.055264687,0.128950936,0.01934264
2006,6,Tennessee,6,18,3,1,17,23,1,4,9,14,0.059367865,0.019789288,0.118735729,0.356207187,0.020953364,0.015487269,0.356207187,0.089051797,0.039578576,0.025443371
2006,7,Montana,3,29,3,1,15,40,1,6,4,38,0.111111111,0.011494253,0.111111111,0.333333333,0.022222222,0.008333333,0.333333333,0.055555556,0.083333333,0.00877193
2006,8,Nevada,8,37,10,1,16,48,13,8,29,40,0.03943311,0.008526078,0.031546488,0.315464877,0.019716555,0.006572185,0.024266529,0.03943311,0.010878099,0.007886622
2006,9,Texas,24,1,10,1,30,2,13,12,18,6,0.012542916,0.301029996,0.030103,0.301029996,0.010034333,0.150514998,0.023156154,0.025085833,0.016723889,0.050171666
2006,10,New Hampshire,10,48,10,1,8,49,13,9,29,47,0.028906483,0.006022184,0.028906483,0.289064826,0.036133103,0.005899282,0.022235756,0.032118314,0.009967753,0.006150315
2006,11,Virginia,9,12,16,1,18,18,10,13,6,10,0.030993661,0.023245245,0.017433934,0.278942946,0.01549683,0.01549683,0.027894295,0.02145715,0.046490491,0.027894295
2006,12,Florida ,11,5,29,1,22,3,10,10,11,3,0.024567105,0.054047631,0.009318557,0.270238154,0.012283552,0.090079385,0.027023815,0.027023815,0.024567105,0.090079385
2006,13,Indiana,25,7,3,1,28,32,23,15,25,16,0.010505981,0.037521362,0.087549845,0.262649535,0.009380341,0.008207798,0.011419545,0.017509969,0.010505981,0.016415596
2006,14,Idaho,12,38,3,1,23,41,1,11,19,39,0.021329835,0.006735737,0.085319342,0.255958025,0.01112861,0.006242879,0.255958025,0.023268911,0.013471475,0.006563026
2006,15,Wyoming,15,25,3,1,39,50,23,20,34,41,0.016666667,0.01,0.083333333,0.25,0.006410256,0.005,0.010869565,0.0125,0.007352941,0.006097561
2006,16,Colorado,18,20,10,1,20,42,13,16,23,33,0.013591697,0.012232527,0.024465054,0.244650542,0.012232527,0.005825013,0.018819272,0.015290659,0.01063698,0.007413653
2006,17,Missouri,19,30,16,1,25,26,1,14,9,23,0.012621709,0.007993749,0.014988279,0.239812467,0.009592499,0.009223556,0.239812467,0.017129462,0.02664583,0.010426629
2006,18,Oklahoma,13,24,16,1,24,39,17,17,19,29,0.018108378,0.009808705,0.014713057,0.235408913,0.009808705,0.006036126,0.013847583,0.013847583,0.012389943,0.008117549
2006,19,North Dakota,17,33,29,1,34,35,18,19,12,25,0.013610483,0.007011461,0.007978559,0.231378213,0.006805242,0.006610806,0.012854345,0.012177801,0.019281518,0.009255129
2006,20,Iowa,16,35,24,1,29,31,1,18,12,26,0.014229391,0.006504864,0.00948626,0.227670249,0.007850698,0.007344202,0.227670249,0.012648347,0.018972521,0.008756548
2006,21,Georgia,22,23,16,1,12,11,23,22,27,17,0.010192901,0.009749731,0.014015239,0.224243824,0.018686985,0.020385802,0.009749731,0.010192901,0.008305327,0.013190813
2006,22,Arizona,14,10,16,1,31,27,32,23,6,15,0.015790338,0.022106473,0.013816546,0.221064729,0.00713112,0.008187583,0.006908273,0.00961151,0.036844122,0.014737649
2006,23,Louisiana,20,21,29,1,32,10,18,24,8,19,0.010905215,0.010385919,0.007520838,0.218104292,0.006815759,0.021810429,0.012116905,0.009087679,0.027263036,0.011479173
2006,24,Arkansas,21,26,14,1,37,19,18,21,15,21,0.010254204,0.008282242,0.015381306,0.215338279,0.005819953,0.011333594,0.011963238,0.010254204,0.014355885,0.010254204
2006,25,Maryland,26,17,29,1,6,22,23,26,31,32,0.008182541,0.012514474,0.007336071,0.212746054,0.035457676,0.009670275,0.009249828,0.008182541,0.006862776,0.006648314
2006,26,Oregon,23,22,29,1,35,29,32,25,14,24,0.009143909,0.009559542,0.007252066,0.210309918,0.006008855,0.007252066,0.006572185,0.008412397,0.015022137,0.008762913
2006,27,North Carolina,33,11,16,1,11,12,23,28,35,18,0.006303473,0.018910418,0.013000912,0.208014598,0.018910418,0.01733455,0.009044113,0.007429093,0.005943274,0.011556367
2006,28,Pennsylvania,28,8,29,1,36,8,23,27,31,5,0.007351673,0.025730854,0.007098167,0.205846832,0.005717968,0.025730854,0.008949862,0.007623957,0.00664022,0.041169366
2006,29,Kansas,27,40,24,1,33,44,23,29,41,30,0.007547965,0.005094876,0.00849146,0.203795047,0.006175607,0.004631706,0.008860654,0.007027415,0.004970611,0.006793168
2006,30,Hawaii,30,28,29,1,4,38,18,30,15,49,0.006728303,0.007208896,0.006960313,0.201849087,0.050462272,0.005311818,0.011213838,0.006728303,0.013456606,0.004119369
2006,31,Washington,31,9,29,1,42,16,23,31,27,9,0.006451613,0.022222222,0.006896552,0.2,0.004761905,0.0125,0.008695652,0.006451613,0.007407407,0.022222222
2006,32,Ohio,29,6,29,1,14,6,32,32,17,7,0.006835857,0.033039977,0.006835857,0.198239863,0.01415999,0.033039977,0.006194996,0.006194996,0.011661168,0.02831998
2006,33,Minnesota,32,15,16,1,40,20,23,33,24,12,0.006142551,0.013104109,0.012285102,0.196561632,0.004914041,0.009828082,0.008546158,0.005956413,0.008190068,0.016380136
2006,34,New Jersey,35,43,29,1,3,5,18,35,38,36,0.005570258,0.004533931,0.006722725,0.194959022,0.064986341,0.038991804,0.010831057,0.005570258,0.005130501,0.005415528
2006,35,West Virginia,39,27,29,1,49,17,32,34,22,13,0.004959651,0.007163941,0.006669876,0.193426404,0.003947478,0.011378024,0.006044575,0.005689012,0.008792109,0.014878954
2006,36,South Carolina,34,19,29,1,41,28,36,37,26,22,0.005645845,0.010103091,0.006619266,0.19195872,0.00468192,0.006855669,0.005332187,0.005188074,0.007383028,0.008725396
2006,37,Vermont,38,49,29,1,46,33,38,36,43,27,0.005014511,0.003888804,0.006570738,0.190551412,0.004142422,0.005774285,0.005014511,0.005293095,0.004431428,0.00705746
2006,38,Kentucky,37,32,16,1,9,25,38,39,37,44,0.005113523,0.005912511,0.011825022,0.18920036,0.021022262,0.007568014,0.004978957,0.004851291,0.005113523,0.004300008
2006,39,Delaware,36,42,29,1,13,46,38,40,33,45,0.005219495,0.004473853,0.006479373,0.187901825,0.014453987,0.004084822,0.004944785,0.004697546,0.005693995,0.004175596
2006,40,Mississippi,41,31,24,1,45,30,38,38,40,28,0.004552498,0.006021046,0.007777184,0.186652411,0.004147831,0.006221747,0.004911906,0.004911906,0.00466631,0.006666158
2006,41,California,42,4,29,1,47,1,45,42,48,1,0.004415453,0.046362256,0.006394794,0.185449023,0.003945724,0.185449023,0.004121089,0.004415453,0.003863521,0.185449023
2006,42,New York,40,2,29,1,27,4,45,41,44,2,0.004607221,0.092144417,0.006354787,0.184288833,0.006825512,0.046072208,0.004095307,0.00449485,0.004188383,0.092144417
2006,43,Connecticut,46,36,29,1,5,36,45,43,45,43,0.00398194,0.005088035,0.006316181,0.183169251,0.03663385,0.005088035,0.004070428,0.00425975,0.004070428,0.00425975
2006,44,Michigan,43,46,29,1,7,9,36,44,39,31,0.004234602,0.003958433,0.006278893,0.1820879,0.026012557,0.020231989,0.005057997,0.004138361,0.004668921,0.005873803
2006,45,Massachusetts,45,16,29,1,38,34,45,46,46,8,0.004023169,0.011315162,0.006242848,0.181042597,0.004764279,0.005324782,0.004023169,0.003935709,0.003935709,0.022630325
2006,46,Illinois,49,45,29,1,50,15,45,47,49,4,0.003674109,0.004000696,0.006207977,0.180031327,0.003600627,0.012002088,0.004000696,0.003830454,0.003674109,0.045007832
2006,47,Maine,47,50,24,1,44,43,38,45,42,34,0.003809622,0.003581045,0.00746051,0.179052232,0.004069369,0.004164005,0.004711901,0.003978938,0.004263148,0.005266242
2006,48,Wisconsin,44,39,29,1,48,24,45,48,47,11,0.004047809,0.004566759,0.006141503,0.178103594,0.003710492,0.007420983,0.003957858,0.003710492,0.003789438,0.016191236
2006,49,New Mexico,50,34,24,1,19,14,38,49,36,46,0.003543676,0.005211289,0.007382659,0.17718382,0.009325464,0.012655987,0.004662732,0.003615996,0.004921773,0.003851822
2006,50,Rhode Island,48,44,29,1,43,37,38,50,50,37,0.003672738,0.004006624,0.006079015,0.176291434,0.004099801,0.004764633,0.004639248,0.003525829,0.003525829,0.004764633
2007,1,Alaska,2,2,1,1,1,5,1,1,1,49,0.5,0.5,1,1,1,0.2,1,1,1,0.020408163
2007,2,Nebraska,7,36,3,1,24,45,1,2,12,35,0.090132822,0.017525826,0.210309918,0.630929754,0.02628874,0.014020661,0.630929754,0.315464877,0.052577479,0.018026564
2007,3,South Dakota,3,40,3,1,18,47,1,3,5,41,0.166666667,0.0125,0.166666667,0.5,0.027777778,0.010638298,0.5,0.166666667,0.1,0.012195122
2007,4,Tennessee,5,15,3,1,19,20,1,4,4,13,0.086135312,0.028711771,0.143558853,0.430676558,0.022667187,0.021533828,0.430676558,0.10766914,0.10766914,0.033128966
2007,5,Utah,1,12,15,1,14,24,1,5,2,19,0.386852807,0.032237734,0.025790187,0.386852807,0.027632343,0.016118867,0.386852807,0.077370561,0.193426404,0.020360674
2007,6,Montana,4,26,3,1,12,38,1,6,5,42,0.089051797,0.013700276,0.118735729,0.356207187,0.029683932,0.009373873,0.356207187,0.059367865,0.071241437,0.008481124
2007,7,Alabama,6,21,2,1,3,15,1,7,8,48,0.055555556,0.015873016,0.166666667,0.333333333,0.111111111,0.022222222,0.333333333,0.047619048,0.041666667,0.006944444
2007,8,Florida ,8,3,10,1,21,3,10,8,7,3,0.03943311,0.105154959,0.031546488,0.315464877,0.015022137,0.105154959,0.031546488,0.03943311,0.045066411,0.105154959
2007,9,Arkansas,20,23,15,1,42,19,19,13,16,21,0.0150515,0.013088261,0.020068666,0.301029996,0.007167381,0.015843684,0.015843684,0.023156154,0.018814375,0.014334762
2007,10,New Hampshire,9,46,10,1,8,50,13,10,28,47,0.032118314,0.006284018,0.028906483,0.289064826,0.036133103,0.005781297,0.022235756,0.028906483,0.010323744,0.006150315
2007,11,Indiana,11,24,3,1,29,23,16,9,15,18,0.02535845,0.011622623,0.092980982,0.278942946,0.009618722,0.012127954,0.017433934,0.030993661,0.018596196,0.01549683
2007,12,Nevada,13,41,10,1,17,48,13,11,28,44,0.02078755,0.006591174,0.027023815,0.270238154,0.015896362,0.005629962,0.02078755,0.024567105,0.009651363,0.006141776
2007,13,Missouri,12,28,15,1,27,22,1,12,11,23,0.021887461,0.009380341,0.017509969,0.262649535,0.009727761,0.011938615,0.262649535,0.021887461,0.02387723,0.011419545
2007,14,Virginia,15,25,19,1,25,18,10,14,23,10,0.017063868,0.010238321,0.013471475,0.255958025,0.010238321,0.01421989,0.025595802,0.018282716,0.01112861,0.025595802
2007,15,Colorado,18,17,10,1,26,40,16,15,20,34,0.013888889,0.014705882,0.025,0.25,0.009615385,0.00625,0.015625,0.016666667,0.0125,0.007352941
2007,16,Idaho,19,35,3,1,31,42,16,17,19,37,0.012876344,0.006990015,0.081550181,0.244650542,0.007891953,0.005825013,0.015290659,0.014391208,0.012876344,0.006612177
2007,17,Iowa,14,33,15,1,32,32,1,16,12,25,0.017129462,0.007267044,0.015987498,0.239812467,0.00749414,0.00749414,0.239812467,0.014988279,0.019984372,0.009592499
2007,18,Louisiana,10,5,31,1,6,11,19,20,3,30,0.023540891,0.047081783,0.007593836,0.235408913,0.039234819,0.02140081,0.012389943,0.011770446,0.078469638,0.007846964
2007,19,Texas,21,1,10,1,23,2,13,18,18,9,0.01101801,0.231378213,0.023137821,0.231378213,0.010059922,0.115689107,0.017798324,0.012854345,0.012854345,0.02570869
2007,20,North Dakota,16,32,26,1,34,39,19,19,12,20,0.014229391,0.007114695,0.008756548,0.227670249,0.006696184,0.005837699,0.011982645,0.011982645,0.018972521,0.011383512
2007,21,Georgia,17,10,31,1,13,12,10,21,9,15,0.013190813,0.022424382,0.007233672,0.224243824,0.017249525,0.018686985,0.022424382,0.010678277,0.02491598,0.014949588
2007,22,Wyoming,28,22,3,1,39,49,37,22,35,26,0.007895169,0.010048397,0.073688243,0.221064729,0.005668326,0.004511525,0.005974722,0.010048397,0.006316135,0.00850249
2007,23,Washington,23,6,31,1,41,14,23,25,27,6,0.009482795,0.036350715,0.007035622,0.218104292,0.005319617,0.015578878,0.009482795,0.008724172,0.008077937,0.036350715
2007,24,Arizona,22,13,19,1,36,25,31,24,9,16,0.009788104,0.016564483,0.011333594,0.215338279,0.005981619,0.008613531,0.006946396,0.008972428,0.023926475,0.013458642
2007,25,Oklahoma,24,27,19,1,35,37,23,23,37,33,0.008864419,0.007879483,0.011197161,0.212746054,0.006078459,0.005749893,0.009249828,0.009249828,0.005749893,0.00644685
2007,26,Pennsylvania,25,8,19,1,40,9,23,26,30,4,0.008412397,0.02628874,0.011068943,0.210309918,0.005257748,0.023367769,0.009143909,0.008088843,0.007010331,0.052577479
2007,27,North Carolina,33,9,19,1,11,13,23,28,36,17,0.006303473,0.023112733,0.010948137,0.208014598,0.018910418,0.016001123,0.009044113,0.007429093,0.005778183,0.012236153
2007,28,Kansas,27,39,27,1,38,46,23,27,42,29,0.007623957,0.005278124,0.007623957,0.205846832,0.005417022,0.004474931,0.008949862,0.007623957,0.004901115,0.007098167
2007,29,West Virginia,32,16,31,1,22,29,19,30,21,24,0.006368595,0.01273719,0.006574034,0.203795047,0.009263411,0.007027415,0.010726055,0.006793168,0.009704526,0.00849146
2007,30,Maryland,31,30,31,1,16,30,23,29,39,28,0.006511261,0.006728303,0.006511261,0.201849087,0.012615568,0.006728303,0.008776047,0.006960313,0.005175618,0.007208896
2007,31,Ohio,26,4,31,1,10,6,31,31,17,7,0.007692308,0.05,0.006451613,0.2,0.02,0.033333333,0.006451613,0.006451613,0.011764706,0.028571429
2007,32,Oregon,29,29,31,1,43,33,23,32,34,27,0.006835857,0.006835857,0.006394834,0.198239863,0.004610229,0.006007269,0.008619124,0.006194996,0.005830584,0.007342217
2007,33,Minnesota,30,19,19,1,45,17,23,33,24,11,0.006552054,0.010345349,0.010345349,0.196561632,0.004368036,0.011562449,0.008546158,0.005956413,0.008190068,0.017869239
2007,34,Mississippi,35,7,27,1,49,28,31,35,26,14,0.005570258,0.027851289,0.007220705,0.194959022,0.003978756,0.006962822,0.006289001,0.005570258,0.007498424,0.013925644
2007,35,Vermont,36,48,31,1,37,34,31,34,33,32,0.005372956,0.004029717,0.006239561,0.193426404,0.005227741,0.005689012,0.006239561,0.005689012,0.005861406,0.006044575
2007,36,Hawaii,37,34,31,1,2,41,31,36,22,50,0.005188074,0.005645845,0.006192217,0.19195872,0.09597936,0.00468192,0.006192217,0.005332187,0.008725396,0.003839174
2007,37,South Carolina,34,18,31,1,20,26,37,38,25,39,0.005604453,0.01058619,0.00614682,0.190551412,0.009527571,0.0073289,0.005150038,0.005014511,0.007622056,0.004885934
2007,38,New Jersey,38,43,31,1,4,7,31,37,38,22,0.004978957,0.004400008,0.006103237,0.18920036,0.04730009,0.027028623,0.006103237,0.005113523,0.004978957,0.008600016
2007,39,Delaware,39,42,31,1,15,43,41,39,32,43,0.004817996,0.004473853,0.006061349,0.187901825,0.012526788,0.00436981,0.004582971,0.004817996,0.005871932,0.00436981
2007,40,Connecticut,46,38,31,1,7,35,44,40,46,40,0.004057661,0.004911906,0.006021046,0.186652411,0.02666463,0.005332926,0.0042421,0.00466631,0.004057661,0.00466631
2007,41,Maine,40,49,27,1,46,44,41,42,43,36,0.004636226,0.003784674,0.006868482,0.185449023,0.004031501,0.004214751,0.004523147,0.004415453,0.004312768,0.005151362
2007,42,New York,42,11,31,1,33,4,44,41,45,2,0.004387829,0.01675353,0.005944801,0.184288833,0.00558451,0.046072208,0.004188383,0.00449485,0.004095307,0.092144417
2007,43,California,44,14,31,1,50,1,44,44,47,1,0.004162938,0.013083518,0.005908686,0.183169251,0.003663385,0.183169251,0.004162938,0.004162938,0.003897218,0.183169251
2007,44,Michigan,41,45,31,1,9,10,37,43,39,31,0.004441168,0.004046398,0.005873803,0.1820879,0.020231989,0.01820879,0.004921295,0.004234602,0.004668921,0.005873803
2007,45,Massachusetts,47,20,31,1,44,31,44,47,44,8,0.00385197,0.00905213,0.005840084,0.181042597,0.004114604,0.005840084,0.004114604,0.00385197,0.004114604,0.022630325
2007,46,Kentucky,43,44,19,1,5,21,41,45,41,46,0.004186775,0.004091621,0.009475333,0.180031327,0.036006265,0.00857292,0.004391008,0.004000696,0.004391008,0.003913724
2007,47,Wisconsin,45,37,31,1,48,27,44,46,48,12,0.003978938,0.00483925,0.005775878,0.179052232,0.003730255,0.006631564,0.004069369,0.00389244,0.003730255,0.014921019
2007,48,Illinois,49,50,31,1,28,8,44,49,50,5,0.003634767,0.003562072,0.005745277,0.178103594,0.006360843,0.022262949,0.004047809,0.003634767,0.003562072,0.035620719
2007,49,Rhode Island,48,47,31,1,47,36,44,50,49,38,0.00369133,0.003769869,0.005715607,0.17718382,0.003769869,0.004921773,0.004026905,0.003543676,0.003615996,0.004662732
2007,50,New Mexico,50,31,27,1,30,16,37,48,31,45,0.003525829,0.00568682,0.006529312,0.176291434,0.005876381,0.011018215,0.004764633,0.003672738,0.00568682,0.003917587
2008,1,Alaska,1,1,1,1,1,3,1,2,1,49,1,1,1,1,1,0.333333333,1,0.5,1,0.020408163
2008,2,Nebraska,4,34,3,1,25,44,1,1,10,29,0.157732438,0.018556757,0.210309918,0.630929754,0.02523719,0.014339313,0.630929754,0.630929754,0.063092975,0.021756198
2008,3,South Dakota,2,33,3,1,15,47,1,3,5,35,0.25,0.015151515,0.166666667,0.5,0.033333333,0.010638298,0.5,0.166666667,0.1,0.014285714
2008,4,Indiana,6,8,3,1,28,22,1,4,4,13,0.071779426,0.05383457,0.143558853,0.430676558,0.015381306,0.019576207,0.430676558,0.10766914,0.10766914,0.033128966
2008,5,Utah,3,9,16,1,14,19,1,5,2,21,0.128950936,0.042983645,0.0241783,0.386852807,0.027632343,0.020360674,0.386852807,0.077370561,0.193426404,0.018421562
2008,6,Tennessee,7,17,3,1,22,24,1,6,6,14,0.050886741,0.020953364,0.118735729,0.356207187,0.016191236,0.014841966,0.356207187,0.059367865,0.059367865,0.025443371
2008,7,Montana,5,25,3,1,16,36,1,7,3,36,0.066666667,0.013333333,0.111111111,0.333333333,0.020833333,0.009259259,0.333333333,0.047619048,0.111111111,0.009259259
2008,8,Nevada,13,37,10,1,19,48,12,8,24,42,0.024266529,0.008526078,0.031546488,0.315464877,0.016603415,0.006572185,0.02628874,0.03943311,0.01314437,0.007511068
2008,9,Idaho,9,31,3,1,35,37,1,9,10,33,0.033447777,0.009710645,0.100343332,0.301029996,0.008600857,0.008135946,0.301029996,0.033447777,0.030103,0.009122121
2008,10,Florida ,8,7,10,1,21,5,12,11,16,3,0.036133103,0.041294975,0.028906483,0.289064826,0.013764992,0.057812965,0.024088736,0.026278621,0.018066552,0.096354942
2008,11,New Hampshire,12,44,10,1,11,50,16,10,30,46,0.023245245,0.006339612,0.027894295,0.278942946,0.02535845,0.005578859,0.017433934,0.027894295,0.009298098,0.006063977
2008,12,Oklahoma,14,20,20,1,33,39,18,14,19,31,0.019302725,0.013511908,0.013511908,0.270238154,0.008189035,0.006929183,0.015013231,0.019302725,0.014223061,0.00871736
2008,13,Missouri,11,13,10,1,20,21,1,13,9,20,0.02387723,0.02020381,0.026264954,0.262649535,0.013132477,0.012507121,0.262649535,0.02020381,0.029183282,0.013132477
2008,14,Virginia,10,14,20,1,27,23,12,15,21,10,0.025595802,0.018282716,0.012797901,0.255958025,0.009479927,0.01112861,0.021329835,0.017063868,0.012188477,0.025595802
2008,15,Alabama,15,32,2,1,2,17,1,12,13,48,0.016666667,0.0078125,0.125,0.25,0.125,0.014705882,0.25,0.020833333,0.019230769,0.005208333
2008,16,North Dakota,18,28,16,1,38,42,19,16,10,17,0.013591697,0.008737519,0.015290659,0.244650542,0.006438172,0.005825013,0.012876344,0.015290659,0.024465054,0.014391208
2008,17,Iowa,16,26,16,1,34,34,1,18,17,19,0.014988279,0.009223556,0.014988279,0.239812467,0.007053308,0.007053308,0.239812467,0.013322915,0.014106616,0.012621709
2008,18,Colorado,19,10,10,1,29,40,12,17,8,30,0.012389943,0.023540891,0.023540891,0.235408913,0.008117549,0.005885223,0.019617409,0.013847583,0.029426114,0.007846964
2008,19,Texas,17,2,10,1,23,1,16,19,23,9,0.013610483,0.115689107,0.023137821,0.231378213,0.010059922,0.231378213,0.014461138,0.012177801,0.010059922,0.02570869
2008,20,Kansas,21,38,25,1,40,46,24,21,39,26,0.01084144,0.005991322,0.00910681,0.227670249,0.005691756,0.004949353,0.00948626,0.01084144,0.005837699,0.008756548
2008,21,Arizona,28,35,20,1,42,27,24,25,26,18,0.008008708,0.006406966,0.011212191,0.224243824,0.005339139,0.008305327,0.009343493,0.008969753,0.008624762,0.01245799
2008,22,Arkansas,23,16,16,1,37,20,19,20,17,22,0.00961151,0.013816546,0.013816546,0.221064729,0.005974722,0.011053236,0.011634986,0.011053236,0.013003808,0.010048397
2008,23,Pennsylvania,22,5,20,1,30,8,24,22,32,5,0.009913831,0.043620858,0.010905215,0.218104292,0.007270143,0.027263036,0.009087679,0.009913831,0.006815759,0.043620858
2008,24,Georgia,20,19,29,1,13,12,30,23,21,15,0.010766914,0.011333594,0.007425458,0.215338279,0.016564483,0.017944857,0.007177943,0.009362534,0.010254204,0.014355885
2008,25,Louisiana,26,4,29,1,8,10,19,24,7,32,0.008182541,0.053186513,0.007336071,0.212746054,0.026593257,0.021274605,0.011197161,0.008864419,0.030392293,0.006648314
2008,26,Wyoming,25,21,3,1,44,49,34,26,28,37,0.008412397,0.010014758,0.070103306,0.210309918,0.004779771,0.004292039,0.006185586,0.008088843,0.007511068,0.005684052
2008,27,Minnesota,30,23,29,1,47,18,30,28,15,12,0.00693382,0.009044113,0.007172917,0.208014598,0.004425843,0.011556367,0.00693382,0.007429093,0.01386764,0.01733455
2008,28,Ohio,29,3,29,1,18,6,19,27,14,6,0.007098167,0.068615611,0.007098167,0.205846832,0.011435935,0.034307805,0.010834044,0.007623957,0.014703345,0.034307805
2008,29,North Carolina,27,18,20,1,12,13,24,29,36,16,0.007547965,0.011321947,0.010189752,0.203795047,0.016982921,0.015676542,0.00849146,0.007027415,0.005660974,0.01273719
2008,30,Maryland,24,39,29,1,17,30,24,31,32,25,0.008410379,0.005175618,0.006960313,0.201849087,0.011873476,0.006728303,0.008410379,0.006511261,0.006307784,0.008073963
2008,31,West Virginia,32,11,29,1,6,33,19,30,20,38,0.00625,0.018181818,0.006896552,0.2,0.033333333,0.006060606,0.010526316,0.006666667,0.01,0.005263158
2008,32,Washington,31,15,29,1,39,14,24,32,29,11,0.006394834,0.013215991,0.006835857,0.198239863,0.005083073,0.01415999,0.008259994,0.006194996,0.006835857,0.018021806
2008,33,Oregon,35,22,29,1,46,31,34,33,30,27,0.005616047,0.00893462,0.006777987,0.196561632,0.004273079,0.006340698,0.005781224,0.005956413,0.006552054,0.00728006
2008,34,Wisconsin,33,30,29,1,45,15,42,35,42,8,0.005907849,0.006498634,0.006722725,0.194959022,0.004332423,0.012997268,0.004641881,0.005570258,0.004641881,0.024369878
2008,35,Mississippi,39,24,25,1,48,28,30,34,27,23,0.004959651,0.008059433,0.007737056,0.193426404,0.004029717,0.006908086,0.006447547,0.005689012,0.007163941,0.008409844
2008,36,Vermont,34,42,29,1,24,38,38,36,38,34,0.005645845,0.004570446,0.006619266,0.19195872,0.00799828,0.005051545,0.005051545,0.005332187,0.005051545,0.005645845
2008,37,Massachusetts,42,12,29,1,43,29,42,38,44,7,0.004536938,0.015879284,0.006570738,0.190551412,0.004431428,0.006570738,0.004536938,0.005014511,0.004330714,0.02722163
2008,38,New York,40,6,29,1,31,4,42,39,43,2,0.004730009,0.031533393,0.00652415,0.18920036,0.006103237,0.04730009,0.00450477,0.004851291,0.004400008,0.09460018
2008,39,Michigan,36,36,29,1,9,11,34,40,36,24,0.005219495,0.005219495,0.006479373,0.187901825,0.020877981,0.017081984,0.005526524,0.004697546,0.005219495,0.007829243
2008,40,Hawaii,43,27,29,1,3,41,30,37,24,50,0.004340754,0.006913052,0.00643629,0.186652411,0.06221747,0.004552498,0.006221747,0.00504466,0.007777184,0.003733048
2008,41,Delaware,41,40,29,1,4,43,38,41,39,47,0.004523147,0.004636226,0.006394794,0.185449023,0.046362256,0.004312768,0.004880237,0.004523147,0.004755103,0.003945724
2008,42,Maine,37,45,25,1,32,45,38,43,41,41,0.004980779,0.004095307,0.007371553,0.184288833,0.005759026,0.004095307,0.004849706,0.004285787,0.00449485,0.00449485
2008,43,South Carolina,38,29,29,1,26,26,34,42,34,39,0.004820243,0.006316181,0.006316181,0.183169251,0.007044971,0.007044971,0.005387331,0.004361173,0.005387331,0.004696647
2008,44,California,44,50,29,1,49,2,42,44,46,1,0.004138361,0.003641758,0.006278893,0.1820879,0.00371608,0.09104395,0.004335426,0.004138361,0.003958433,0.1820879
2008,45,Connecticut,46,47,29,1,5,32,42,46,49,43,0.003935709,0.00385197,0.006242848,0.181042597,0.036208519,0.005657581,0.004310538,0.003935709,0.003694747,0.004210293
2008,46,New Jersey,47,49,29,1,7,7,42,45,50,40,0.003830454,0.003674109,0.006207977,0.180031327,0.025718761,0.025718761,0.00428646,0.004000696,0.003600627,0.004500783
2008,47,Kentucky,45,46,29,1,10,25,42,47,45,45,0.003978938,0.00389244,0.006174215,0.179052232,0.017905223,0.007162089,0.004263148,0.003809622,0.003978938,0.003978938
2008,48,Illinois,49,48,29,1,36,9,42,48,47,4,0.003634767,0.003710492,0.006141503,0.178103594,0.004947322,0.019789288,0.004240562,0.003710492,0.003789438,0.044525898
2008,49,New Mexico,48,41,25,1,41,16,38,49,34,44,0.00369133,0.004321557,0.007087353,0.17718382,0.004321557,0.011073989,0.004662732,0.003615996,0.005211289,0.004026905
2008,50,Rhode Island,50,43,29,1,50,35,42,50,48,28,0.003525829,0.004099801,0.006079015,0.176291434,0.003525829,0.005036898,0.004197415,0.003525829,0.003672738,0.006296123
2009,1,Nebraska,2,19,2,1,29,46,1,1,15,29,0.5,0.052631579,0.5,1,0.034482759,0.02173913,1,1,0.066666667,0.034482759
2009,2,South Dakota,1,11,2,1,15,44,1,2,2,34,0.630929754,0.05735725,0.315464877,0.630929754,0.042061984,0.014339313,0.630929754,0.315464877,0.315464877,0.018556757
2009,3,Oklahoma,9,9,20,1,33,35,1,4,15,26,0.055555556,0.055555556,0.025,0.5,0.015151515,0.014285714,0.5,0.125,0.033333333,0.019230769
2009,4,Tennessee,4,13,2,1,20,20,1,3,9,13,0.10766914,0.033128966,0.215338279,0.430676558,0.021533828,0.021533828,0.430676558,0.143558853,0.047852951,0.033128966
2009,5,Alabama,7,6,1,1,3,17,1,6,14,48,0.055264687,0.064475468,0.386852807,0.386852807,0.128950936,0.022756047,0.386852807,0.064475468,0.027632343,0.008059433
2009,6,Utah,3,10,16,1,25,29,1,5,1,20,0.118735729,0.035620719,0.022262949,0.356207187,0.014248287,0.012283006,0.356207187,0.071241437,0.356207187,0.017810359
2009,7,Florida ,6,28,8,1,16,5,11,7,3,3,0.055555556,0.011904762,0.041666667,0.333333333,0.020833333,0.066666667,0.03030303,0.047619048,0.111111111,0.111111111
2009,8,Indiana,8,17,20,1,31,19,1,8,6,12,0.03943311,0.018556757,0.015773244,0.315464877,0.010176286,0.016603415,0.315464877,0.03943311,0.052577479,0.02628874
2009,9,Nevada,10,26,8,1,19,47,11,9,24,44,0.030103,0.011578077,0.037628749,0.301029996,0.015843684,0.006404894,0.027366363,0.033447777,0.012542916,0.006841591
2009,10,New Hampshire,12,37,8,1,14,50,13,11,30,45,0.024088736,0.007812563,0.036133103,0.289064826,0.020647488,0.005781297,0.022235756,0.026278621,0.009635494,0.006423663
2009,11,Montana,5,8,16,1,22,39,1,10,4,37,0.055788589,0.034867868,0.017433934,0.278942946,0.012679225,0.007152383,0.278942946,0.027894295,0.069735736,0.007538999
2009,12,Virginia,14,34,8,1,24,26,13,12,22,8,0.019302725,0.007948181,0.033779769,0.270238154,0.011259923,0.010393775,0.02078755,0.022519846,0.012283552,0.033779769
2009,13,Missouri,13,18,8,1,23,21,13,13,18,21,0.02020381,0.014591641,0.032831192,0.262649535,0.011419545,0.012507121,0.02020381,0.02020381,0.014591641,0.012507121
2009,14,North Dakota,11,7,16,1,36,40,20,14,4,14,0.023268911,0.036565432,0.015997377,0.255958025,0.007109945,0.006398951,0.012797901,0.018282716,0.063989506,0.018282716
2009,15,Texas,17,36,8,1,11,2,13,15,21,19,0.014705882,0.006944444,0.03125,0.25,0.022727273,0.125,0.019230769,0.016666667,0.011904762,0.013157895
2009,16,Colorado,18,12,8,1,30,42,13,17,19,33,0.013591697,0.020387545,0.030581318,0.244650542,0.008155018,0.005825013,0.018819272,0.014391208,0.012876344,0.007413653
2009,17,Iowa,15,15,20,1,35,28,1,18,11,15,0.015987498,0.015987498,0.011990623,0.239812467,0.006851785,0.008564731,0.239812467,0.013322915,0.021801133,0.015987498
2009,18,Idaho,16,22,2,1,41,37,19,16,15,36,0.014713057,0.010700405,0.117704457,0.235408913,0.005741681,0.006362403,0.012389943,0.014713057,0.015693928,0.006539136
2009,19,Georgia,20,27,8,1,12,14,13,20,22,16,0.011568911,0.008569563,0.028922277,0.231378213,0.019281518,0.016527015,0.017798324,0.011568911,0.010517192,0.014461138
2009,20,Louisiana,19,1,28,1,13,11,20,22,7,28,0.011982645,0.227670249,0.00813108,0.227670249,0.017513096,0.020697295,0.011383512,0.010348648,0.032524321,0.00813108
2009,21,Arkansas,21,4,16,1,38,18,20,21,11,18,0.010678277,0.056060956,0.014015239,0.224243824,0.005901153,0.01245799,0.011212191,0.010678277,0.020385802,0.01245799
2009,22,North Carolina,26,38,20,1,9,13,25,25,37,27,0.00850249,0.005817493,0.011053236,0.221064729,0.024562748,0.017004979,0.008842589,0.008842589,0.005974722,0.008187583
2009,23,Ohio,23,2,28,1,8,6,20,23,9,10,0.009482795,0.109052146,0.007789439,0.218104292,0.027263036,0.036350715,0.010905215,0.009482795,0.02423381,0.021810429
2009,24,Kansas,22,25,24,1,42,49,25,24,32,23,0.009788104,0.008613531,0.008972428,0.215338279,0.005127102,0.004394659,0.008613531,0.008972428,0.006729321,0.009362534
2009,25,West Virginia,25,3,28,1,5,25,20,26,13,43,0.008509842,0.070915351,0.007598073,0.212746054,0.042549211,0.008509842,0.010637303,0.008182541,0.016365081,0.004947583
2009,26,Maryland,24,41,28,1,18,33,25,27,35,25,0.008762913,0.00512951,0.007511068,0.210309918,0.011683884,0.006373028,0.008412397,0.007789256,0.006008855,0.008412397
2009,27,Alaska,28,5,2,1,1,1,1,19,8,50,0.007429093,0.04160292,0.104007299,0.208014598,0.208014598,0.208014598,0.208014598,0.010948137,0.026001825,0.004160292
2009,28,Pennsylvania,27,43,28,1,26,8,25,28,25,5,0.007623957,0.004787136,0.007351673,0.205846832,0.007917186,0.025730854,0.008233873,0.007351673,0.008233873,0.041169366
2009,29,Washington,30,30,28,1,37,15,30,29,28,11,0.006793168,0.006793168,0.007278395,0.203795047,0.005507974,0.013586336,0.006793168,0.007027415,0.007278395,0.018526822
2009,30,Minnesota,29,24,28,1,48,16,30,31,26,9,0.006960313,0.008410379,0.007208896,0.201849087,0.004205189,0.012615568,0.006728303,0.006511261,0.007763426,0.022427676
2009,31,Arizona,31,42,28,1,44,36,30,30,34,17,0.006451613,0.004761905,0.007142857,0.2,0.004545455,0.005555556,0.006666667,0.006666667,0.005882353,0.011764706
2009,32,Mississippi,35,16,24,1,45,27,29,32,20,22,0.005663996,0.012389991,0.008259994,0.198239863,0.00440533,0.007342217,0.006835857,0.006194996,0.009911993,0.009010903
2009,33,Maine,32,32,24,1,32,48,35,33,32,42,0.006142551,0.006142551,0.008190068,0.196561632,0.006142551,0.004095034,0.005616047,0.005956413,0.006142551,0.004680039
2009,34,South Carolina,33,14,28,1,21,22,30,35,29,38,0.005907849,0.013925644,0.006962822,0.194959022,0.009283763,0.008861774,0.006498634,0.005570258,0.006722725,0.005130501
2009,35,Oregon,34,33,28,1,46,31,30,34,40,32,0.005689012,0.005861406,0.006908086,0.193426404,0.004204922,0.006239561,0.006447547,0.005689012,0.00483566,0.006044575
2009,36,Vermont,36,31,28,1,28,41,35,36,30,35,0.005332187,0.006192217,0.006855669,0.19195872,0.006855669,0.00468192,0.005484535,0.005332187,0.006398624,0.005484535
2009,37,Massachusetts,41,44,28,1,39,32,41,39,45,7,0.004647595,0.004330714,0.006805408,0.190551412,0.004885934,0.005954732,0.004647595,0.004885934,0.004234476,0.02722163
2009,38,Delaware,39,20,28,1,4,45,35,38,40,47,0.004851291,0.009460018,0.006757156,0.18920036,0.04730009,0.004204452,0.005405725,0.004978957,0.004730009,0.00402554
2009,39,Wisconsin,37,29,28,1,49,30,41,40,38,6,0.005078428,0.006479373,0.006710779,0.187901825,0.003834731,0.006263394,0.004582971,0.004697546,0.004944785,0.031316971
2009,40,Connecticut,44,45,28,1,7,38,41,43,45,40,0.0042421,0.004147831,0.006666158,0.186652411,0.02666463,0.004911906,0.004552498,0.004340754,0.004147831,0.00466631
2009,41,New York,42,49,28,1,27,4,41,42,43,2,0.004415453,0.003784674,0.006623179,0.185449023,0.006868482,0.046362256,0.004523147,0.004415453,0.004312768,0.092724512
2009,42,Michigan,40,46,28,1,10,10,41,41,44,31,0.004607221,0.004006279,0.006581744,0.184288833,0.018428883,0.018428883,0.00449485,0.00449485,0.004188383,0.005944801
2009,43,Wyoming,38,21,2,1,47,24,35,37,36,41,0.004820243,0.008722345,0.091584625,0.183169251,0.003897218,0.007632052,0.005233407,0.00495052,0.005088035,0.004467543
2009,44,Kentucky,43,39,28,1,17,23,41,44,48,39,0.004234602,0.004668921,0.006503139,0.1820879,0.010711053,0.007916865,0.004441168,0.004138361,0.003793498,0.004668921
2009,45,New Jersey,49,48,28,1,6,7,41,46,47,30,0.003694747,0.003771721,0.006465807,0.181042597,0.030173766,0.025863228,0.004415673,0.003935709,0.00385197,0.006034753
2009,46,California,48,50,28,1,40,3,41,45,49,1,0.003750653,0.003600627,0.00642969,0.180031327,0.004500783,0.060010442,0.004391008,0.004000696,0.003674109,0.180031327
2009,47,Rhode Island,46,23,28,1,50,34,41,48,42,24,0.00389244,0.00778488,0.006394723,0.179052232,0.003581045,0.005266242,0.004367128,0.003730255,0.004263148,0.00746051
2009,48,New Mexico,47,40,24,1,43,12,35,47,27,46,0.003789438,0.00445259,0.007420983,0.178103594,0.004141944,0.014841966,0.005088674,0.003789438,0.006596429,0.003871817
2009,49,Hawaii,45,35,28,1,2,43,35,49,39,49,0.003937418,0.005062395,0.006327994,0.17718382,0.08859191,0.004120554,0.005062395,0.003615996,0.004543175,0.003615996
2009,50,Illinois,50,47,28,1,34,9,41,50,49,4,0.003525829,0.003750882,0.006296123,0.176291434,0.005185042,0.019587937,0.004299791,0.003525829,0.003597784,0.044072859
2010,1,Nebraska,3,29,3,1,22,42,1,1,11,30,0.333333333,0.034482759,0.333333333,1,0.045454545,0.023809524,1,1,0.090909091,0.033333333
2010,2,Alaska,1,1,1,1,1,2,1,2,1,47,0.630929754,0.630929754,0.630929754,0.630929754,0.630929754,0.315464877,0.630929754,0.315464877,0.630929754,0.013424037
2010,3,South Dakota,2,21,3,1,12,48,1,3,3,33,0.25,0.023809524,0.166666667,0.5,0.041666667,0.010416667,0.5,0.166666667,0.166666667,0.015151515
2010,4,Oklahoma,11,23,21,1,31,37,1,4,16,36,0.039152414,0.018725068,0.020508408,0.430676558,0.013892792,0.011639907,0.430676558,0.10766914,0.026917285,0.011963238
2010,5,Florida ,4,3,7,1,11,5,8,6,5,3,0.096713202,0.128950936,0.055264687,0.386852807,0.035168437,0.077370561,0.048356601,0.064475468,0.077370561,0.128950936
2010,6,Utah,5,9,18,1,19,27,17,7,2,23,0.071241437,0.039578576,0.019789288,0.356207187,0.018747747,0.013192859,0.020953364,0.050886741,0.178103594,0.015487269
2010,7,Montana,6,8,18,1,16,36,1,5,3,39,0.055555556,0.041666667,0.018518519,0.333333333,0.020833333,0.009259259,0.333333333,0.066666667,0.111111111,0.008547009
2010,8,Tennessee,7,12,3,1,21,21,1,8,8,13,0.045066411,0.02628874,0.105154959,0.315464877,0.015022137,0.015022137,0.315464877,0.03943311,0.03943311,0.024266529
2010,9,Alabama,10,7,2,1,3,18,1,9,13,48,0.030103,0.043004285,0.150514998,0.301029996,0.100343332,0.016723889,0.301029996,0.033447777,0.023156154,0.006271458
2010,10,New Hampshire,8,42,7,1,15,50,10,10,31,45,0.036133103,0.006882496,0.041294975,0.289064826,0.019270988,0.005781297,0.028906483,0.028906483,0.009324672,0.006423663
2010,11,Indiana,12,36,7,1,30,25,10,11,18,15,0.023245245,0.007748415,0.039848992,0.278942946,0.009298098,0.011157718,0.027894295,0.02535845,0.01549683,0.018596196
2010,12,Virginia,9,14,7,1,23,29,10,12,25,8,0.030026462,0.019302725,0.038605451,0.270238154,0.011749485,0.009318557,0.027023815,0.022519846,0.010809526,0.033779769
2010,13,Nevada,13,34,7,1,26,43,8,13,19,42,0.02020381,0.007724986,0.037521362,0.262649535,0.010101905,0.006108129,0.032831192,0.02020381,0.01382366,0.00625356
2010,14,North Dakota,15,6,18,1,36,41,17,14,6,14,0.017063868,0.042659671,0.01421989,0.255958025,0.007109945,0.006242879,0.015056354,0.018282716,0.042659671,0.018282716
2010,15,Missouri,14,16,7,1,24,19,17,15,8,21,0.017857143,0.015625,0.035714286,0.25,0.010416667,0.013157895,0.014705882,0.016666667,0.03125,0.011904762
2010,16,Texas,17,2,7,1,17,1,10,16,15,9,0.014391208,0.122325271,0.034950077,0.244650542,0.014391208,0.244650542,0.024465054,0.015290659,0.016310036,0.027183394
2010,17,Idaho,16,28,24,1,38,39,16,17,12,35,0.014988279,0.008564731,0.009992186,0.239812467,0.006310854,0.006149038,0.014988279,0.014106616,0.019984372,0.006851785
2010,18,Iowa,18,17,21,1,37,30,23,18,7,17,0.013078273,0.013847583,0.011209948,0.235408913,0.006362403,0.007846964,0.01023517,0.013078273,0.033629845,0.013847583
2010,19,Wyoming,22,5,3,1,41,46,28,21,23,25,0.010517192,0.046275643,0.077126071,0.231378213,0.005643371,0.005029961,0.008263508,0.01101801,0.010059922,0.009255129
2010,20,Ohio,23,4,29,1,10,6,17,19,8,6,0.009898706,0.056917562,0.007850698,0.227670249,0.022767025,0.037945041,0.013392368,0.011982645,0.028458781,0.037945041
2010,21,Georgia,21,15,7,1,13,14,10,23,25,16,0.010678277,0.014949588,0.032034832,0.224243824,0.017249525,0.016017416,0.022424382,0.009749731,0.008969753,0.014015239
2010,22,Colorado,19,32,7,1,34,40,10,20,21,37,0.011634986,0.006908273,0.031580676,0.221064729,0.006501904,0.005526618,0.022106473,0.011053236,0.010526892,0.005974722
2010,23,Louisiana,24,24,7,1,14,12,23,22,13,38,0.009087679,0.009087679,0.031157756,0.218104292,0.015578878,0.018175358,0.009482795,0.009913831,0.016777253,0.005739587
2010,24,Kansas,20,33,24,1,42,49,21,24,34,27,0.010766914,0.006525402,0.008972428,0.215338279,0.005127102,0.004394659,0.010254204,0.008972428,0.006333479,0.007975492
2010,25,North Carolina,26,11,21,1,9,11,28,26,38,19,0.008182541,0.01934055,0.010130764,0.212746054,0.02363845,0.01934055,0.007598073,0.008182541,0.00559858,0.011197161
2010,26,Maryland,25,43,29,1,18,32,21,27,39,24,0.008412397,0.004890928,0.007252066,0.210309918,0.011683884,0.006572185,0.010014758,0.007789256,0.005392562,0.008762913
2010,27,Arkansas,29,19,24,1,43,15,23,25,16,20,0.007172917,0.010948137,0.008667275,0.208014598,0.004837549,0.01386764,0.009044113,0.008320584,0.013000912,0.01040073
2010,28,West Virginia,35,13,29,1,5,23,23,28,20,44,0.005881338,0.015834372,0.007098167,0.205846832,0.041169366,0.008949862,0.008949862,0.007351673,0.010292342,0.004678337
2010,29,Pennsylvania,28,20,29,1,33,8,28,29,27,4,0.007278395,0.010189752,0.007027415,0.203795047,0.006175607,0.025474381,0.007278395,0.007027415,0.007547965,0.050948762
2010,30,Washington,33,31,29,1,40,16,28,31,27,12,0.006116639,0.006511261,0.006960313,0.201849087,0.005046227,0.012615568,0.007208896,0.006511261,0.007475892,0.016820757
2010,31,Arizona,27,25,29,1,44,33,28,30,27,18,0.007407407,0.008,0.006896552,0.2,0.004545455,0.006060606,0.007142857,0.006666667,0.007407407,0.011111111
2010,32,Mississippi,34,18,29,1,45,28,23,32,22,26,0.005830584,0.011013326,0.006835857,0.198239863,0.00440533,0.007079995,0.008619124,0.006194996,0.009010903,0.00762461
2010,33,Minnesota,31,40,29,1,48,17,28,33,30,11,0.006340698,0.004914041,0.006777987,0.196561632,0.004095034,0.011562449,0.007020058,0.005956413,0.006552054,0.017869239
2010,34,Maine,30,41,24,1,27,47,36,34,34,43,0.006498634,0.004755098,0.008123293,0.194959022,0.007220705,0.004148064,0.005415528,0.005734089,0.005734089,0.004533931
2010,35,South Carolina,32,10,29,1,20,20,28,35,32,40,0.006044575,0.01934264,0.006669876,0.193426404,0.00967132,0.00967132,0.006908086,0.005526469,0.006044575,0.00483566
2010,36,Vermont,39,39,29,1,29,38,36,36,33,31,0.004922018,0.004922018,0.006619266,0.19195872,0.006619266,0.005051545,0.005332187,0.005332187,0.005816931,0.006192217
2010,37,Delaware,40,30,29,1,4,45,36,38,34,49,0.004763785,0.006351714,0.006570738,0.190551412,0.047637853,0.004234476,0.005293095,0.005014511,0.005604453,0.003888804
2010,38,Oregon,37,22,29,1,47,35,28,37,34,32,0.005113523,0.008600016,0.00652415,0.18920036,0.00402554,0.005405725,0.006757156,0.005113523,0.005564716,0.005912511
2010,39,Wisconsin,36,27,29,1,49,26,41,39,39,7,0.005219495,0.006959327,0.006479373,0.187901825,0.003834731,0.007226993,0.004582971,0.004817996,0.004817996,0.026843118
2010,40,Michigan,38,38,29,1,7,9,41,40,39,29,0.004911906,0.004911906,0.00643629,0.186652411,0.02666463,0.020739157,0.004552498,0.00466631,0.004785959,0.00643629
2010,41,California,42,50,29,1,32,3,41,41,48,1,0.004415453,0.00370898,0.006394794,0.185449023,0.005795282,0.061816341,0.004523147,0.004523147,0.003863521,0.185449023
2010,42,New York,43,45,29,1,25,4,41,42,42,2,0.004285787,0.004095307,0.006354787,0.184288833,0.007371553,0.046072208,0.00449485,0.004387829,0.004387829,0.092144417
2010,43,New Mexico,47,26,24,1,39,13,36,43,24,46,0.003897218,0.007044971,0.007632052,0.183169251,0.004696647,0.014089942,0.005088035,0.00425975,0.007632052,0.00398194
2010,44,New Jersey,49,47,29,1,6,7,41,44,46,22,0.00371608,0.003874211,0.006278893,0.1820879,0.030347983,0.026012557,0.004441168,0.004138361,0.003958433,0.008276723
2010,45,Kentucky,41,44,29,1,28,24,41,45,44,34,0.004415673,0.004114604,0.006242848,0.181042597,0.006465807,0.007543442,0.004415673,0.004023169,0.004114604,0.005324782
2010,46,Connecticut,48,46,29,1,8,34,41,46,47,41,0.003750653,0.003913724,0.006207977,0.180031327,0.022503916,0.005295039,0.004391008,0.003913724,0.003830454,0.004391008
2010,47,Rhode Island,44,37,29,1,50,31,41,48,45,28,0.004069369,0.00483925,0.006174215,0.179052232,0.003581045,0.005775878,0.004367128,0.003730255,0.003978938,0.006394723
2010,48,Massachusetts,46,49,29,1,46,22,41,49,48,10,0.003871817,0.003634767,0.006141503,0.178103594,0.003871817,0.008095618,0.00434399,0.003634767,0.003710492,0.017810359
2010,49,Hawaii,45,35,29,1,2,44,36,50,43,50,0.003937418,0.005062395,0.006109787,0.17718382,0.08859191,0.004026905,0.004921773,0.003543676,0.004120554,0.003543676
2010,50,Illinois,50,48,7,1,35,10,41,47,48,5,0.003525829,0.003672738,0.025184491,0.176291434,0.005036898,0.017629143,0.004299791,0.003750882,0.003672738,0.035258287
2011,1,Nebraska,3,34,3,1,18,44,1,1,12,36,0.333333333,0.029411765,0.333333333,1,0.055555556,0.022727273,1,1,0.083333333,0.027777778
2011,2,Alaska,1,1,1,1,1,3,1,3,1,16,0.630929754,0.630929754,0.630929754,0.630929754,0.630929754,0.210309918,0.630929754,0.210309918,0.630929754,0.03943311
2011,3,South Dakota,2,30,3,1,6,42,1,2,3,40,0.25,0.016666667,0.166666667,0.5,0.083333333,0.011904762,0.5,0.25,0.166666667,0.0125
2011,4,Oklahoma,10,25,20,1,32,38,1,5,16,34,0.043067656,0.017227062,0.021533828,0.430676558,0.013458642,0.011333594,0.430676558,0.086135312,0.026917285,0.012666958
2011,5,Tennessee,5,12,3,1,15,15,1,4,9,13,0.077370561,0.032237734,0.128950936,0.386852807,0.025790187,0.025790187,0.386852807,0.096713202,0.042983645,0.029757908
2011,6,Florida ,7,4,7,1,8,4,11,6,5,3,0.050886741,0.089051797,0.050886741,0.356207187,0.044525898,0.089051797,0.032382472,0.059367865,0.071241437,0.118735729
2011,7,Wyoming,4,6,3,1,17,23,1,7,6,20,0.083333333,0.055555556,0.111111111,0.333333333,0.019607843,0.014492754,0.333333333,0.047619048,0.055555556,0.016666667
2011,8,Utah,6,18,16,1,20,31,11,8,2,28,0.052577479,0.017525826,0.019716555,0.315464877,0.015773244,0.010176286,0.028678625,0.03943311,0.157732438,0.011266603
2011,9,Indiana,11,16,20,1,30,28,1,9,8,12,0.027366363,0.018814375,0.0150515,0.301029996,0.010034333,0.010751071,0.301029996,0.033447777,0.037628749,0.025085833
2011,10,Montana,8,29,16,1,16,34,1,10,3,43,0.036133103,0.009967753,0.018066552,0.289064826,0.018066552,0.008501907,0.289064826,0.028906483,0.096354942,0.006722438
2011,11,Alabama,13,22,2,1,4,19,1,11,18,47,0.02145715,0.012679225,0.139471473,0.278942946,0.069735736,0.014681208,0.278942946,0.02535845,0.01549683,0.005934956
2011,12,New Hampshire,15,47,7,1,14,50,15,13,36,48,0.018015877,0.005749748,0.038605451,0.270238154,0.019302725,0.005404763,0.018015877,0.02078755,0.007506615,0.005629962
2011,13,North Dakota,9,10,16,1,33,37,1,12,6,15,0.029183282,0.026264954,0.016415596,0.262649535,0.007959077,0.007098636,0.262649535,0.021887461,0.043774923,0.017509969
2011,14,Virginia,14,14,7,1,24,29,15,14,25,11,0.018282716,0.018282716,0.036565432,0.255958025,0.010664918,0.008826139,0.017063868,0.018282716,0.010238321,0.023268911
2011,15,Missouri,12,17,7,1,19,24,11,15,11,26,0.020833333,0.014705882,0.035714286,0.25,0.013157895,0.010416667,0.022727273,0.016666667,0.022727273,0.009615385
2011,16,Nevada,18,39,7,1,26,47,11,16,28,45,0.013591697,0.006273091,0.034950077,0.244650542,0.009409636,0.005205331,0.022240958,0.015290659,0.008737519,0.005436679
2011,17,Texas,19,2,7,1,5,2,15,19,15,17,0.012621709,0.119906233,0.034258924,0.239812467,0.047962493,0.119906233,0.015987498,0.012621709,0.015987498,0.014106616
2011,18,Idaho,17,35,23,1,38,40,20,17,16,39,0.013847583,0.006725969,0.01023517,0.235408913,0.006194971,0.005885223,0.011770446,0.013847583,0.014713057,0.006036126
2011,19,Iowa,16,26,16,1,37,26,21,18,12,25,0.014461138,0.008899162,0.014461138,0.231378213,0.006253465,0.008899162,0.01101801,0.012854345,0.019281518,0.009255129
2011,20,Ohio,23,3,28,1,9,6,21,20,9,7,0.009898706,0.075890083,0.00813108,0.227670249,0.025296694,0.037945041,0.01084144,0.011383512,0.025296694,0.032524321
2011,21,Colorado,20,28,7,1,28,41,15,21,23,41,0.011212191,0.008008708,0.032034832,0.224243824,0.008008708,0.005469362,0.014949588,0.010678277,0.009749731,0.005469362
2011,22,Georgia,22,21,7,1,12,12,15,22,32,22,0.010048397,0.010526892,0.031580676,0.221064729,0.018422061,0.018422061,0.014737649,0.010048397,0.006908273,0.010048397
2011,23,Kansas,21,37,23,1,41,49,23,23,33,29,0.010385919,0.005894711,0.009482795,0.218104292,0.005319617,0.004451108,0.009482795,0.009482795,0.006609221,0.007520838
2011,24,North Carolina,24,7,20,1,11,11,23,24,35,18,0.008972428,0.030762611,0.010766914,0.215338279,0.019576207,0.019576207,0.009362534,0.008972428,0.006152522,0.011963238
2011,25,Washington,27,5,28,1,39,18,31,26,25,8,0.007879483,0.042549211,0.007598073,0.212746054,0.005455027,0.011819225,0.006862776,0.008182541,0.008509842,0.026593257
2011,26,Louisiana,25,32,7,1,21,13,26,25,28,38,0.008412397,0.006572185,0.030044274,0.210309918,0.010014758,0.016177686,0.008088843,0.008412397,0.007511068,0.005534472
2011,27,Vermont,35,41,28,1,22,36,26,28,20,33,0.005943274,0.005073527,0.007429093,0.208014598,0.009455209,0.005778183,0.008000561,0.007429093,0.01040073,0.006303473
2011,28,Maryland,26,43,28,1,35,35,40,31,43,19,0.007917186,0.004787136,0.007351673,0.205846832,0.005881338,0.005881338,0.005146171,0.00664022,0.004787136,0.010834044
2011,29,Arkansas,29,31,23,1,42,16,26,27,14,27,0.007027415,0.006574034,0.008860654,0.203795047,0.004852263,0.01273719,0.007838271,0.007547965,0.014556789,0.007547965
2011,30,Pennsylvania,34,13,28,1,36,10,23,29,41,5,0.005936738,0.015526853,0.007208896,0.201849087,0.005606919,0.020184909,0.008776047,0.006960313,0.004923148,0.040369817
2011,31,West Virginia,30,24,28,1,23,30,26,30,20,37,0.006666667,0.008333333,0.007142857,0.2,0.008695652,0.006666667,0.007692308,0.006666667,0.01,0.005405405
2011,32,Mississippi,36,23,28,1,44,25,26,32,20,31,0.005506663,0.008619124,0.007079995,0.198239863,0.004505451,0.007929595,0.00762461,0.006194996,0.009911993,0.006394834
2011,33,Arizona,28,27,28,1,45,32,31,33,30,21,0.007020058,0.00728006,0.007020058,0.196561632,0.004368036,0.006142551,0.006340698,0.005956413,0.006552054,0.009360078
2011,34,South Carolina,33,9,28,1,13,22,31,35,24,42,0.005907849,0.021662114,0.006962822,0.194959022,0.014996848,0.008861774,0.006289001,0.005570258,0.008123293,0.004641881
2011,35,Minnesota,31,20,28,1,49,20,31,34,31,10,0.006239561,0.00967132,0.006908086,0.193426404,0.003947478,0.00967132,0.006239561,0.005689012,0.006239561,0.01934264
2011,36,Maine,32,45,23,1,29,46,35,37,33,44,0.00599871,0.004265749,0.008346031,0.19195872,0.006619266,0.004173016,0.005484535,0.005188074,0.005816931,0.004362698
2011,37,Oregon,37,8,28,1,47,33,35,36,27,30,0.005150038,0.023818927,0.006805408,0.190551412,0.004054285,0.005774285,0.005444326,0.005293095,0.00705746,0.006351714
2011,38,Kentucky,41,40,28,1,25,21,40,38,42,32,0.004614643,0.004730009,0.006757156,0.18920036,0.007568014,0.009009541,0.004730009,0.004978957,0.00450477,0.005912511
2011,39,Michigan,40,15,28,1,7,9,40,41,39,24,0.004697546,0.012526788,0.006710779,0.187901825,0.026843118,0.020877981,0.004697546,0.004582971,0.004817996,0.007829243
2011,40,Wisconsin,38,33,28,1,50,27,40,40,39,9,0.004911906,0.005656134,0.006666158,0.186652411,0.003733048,0.006913052,0.00466631,0.00466631,0.004785959,0.020739157
2011,41,New Mexico,43,19,23,1,34,14,35,39,19,46,0.004312768,0.009760475,0.008063001,0.185449023,0.005454383,0.013246359,0.005298544,0.004755103,0.009760475,0.004031501
2011,42,Rhode Island,39,44,28,1,46,43,40,43,48,35,0.004725355,0.004188383,0.006581744,0.184288833,0.004006279,0.004285787,0.004607221,0.004285787,0.003839351,0.005265395
2011,43,Delaware,42,38,28,1,3,48,35,42,36,49,0.004361173,0.004820243,0.006541759,0.183169251,0.061056417,0.003816026,0.005233407,0.004361173,0.005088035,0.003738148
2011,44,New Jersey,49,49,28,1,10,8,40,44,49,14,0.00371608,0.00371608,0.006503139,0.1820879,0.01820879,0.022760988,0.004552198,0.004138361,0.00371608,0.013006279
2011,45,Connecticut,47,46,28,1,27,39,40,46,45,23,0.00385197,0.003935709,0.006465807,0.181042597,0.006705281,0.004642118,0.004526065,0.003935709,0.004023169,0.007871417
2011,46,California,45,48,28,1,43,1,40,45,46,1,0.004000696,0.003750653,0.00642969,0.180031327,0.004186775,0.180031327,0.004500783,0.004000696,0.003913724,0.180031327
2011,47,New York,44,11,28,1,31,5,40,47,44,2,0.004069369,0.016277476,0.006394723,0.179052232,0.005775878,0.035810446,0.004476306,0.003809622,0.004069369,0.089526116
2011,48,Massachusetts,46,42,28,1,48,17,40,48,46,6,0.003871817,0.004240562,0.006360843,0.178103594,0.003710492,0.010476682,0.00445259,0.003710492,0.003871817,0.029683932
2011,49,Hawaii,48,36,28,1,2,45,35,49,36,50,0.00369133,0.004921773,0.006327994,0.17718382,0.08859191,0.003937418,0.005062395,0.003615996,0.004921773,0.003543676
2011,50,Illinois,50,50,28,1,40,7,40,50,50,4,0.003525829,0.003525829,0.006296123,0.176291434,0.004407286,0.025184491,0.004407286,0.003525829,0.003525829,0.044072859
2012,1,Nebraska,5,35,3,1,13,43,1,1,9,34,0.2,0.028571429,0.333333333,1,0.076923077,0.023255814,1,1,0.111111111,0.029411765
2012,2,Alaska,1,3,1,1,1,2,1,2,1,49,0.630929754,0.210309918,0.630929754,0.630929754,0.630929754,0.315464877,0.630929754,0.315464877,0.630929754,0.012876117
2012,3,South Dakota,2,30,3,1,5,44,1,3,3,39,0.25,0.016666667,0.166666667,0.5,0.1,0.011363636,0.5,0.166666667,0.166666667,0.012820513
2012,4,Oklahoma,7,18,21,1,21,36,1,8,9,28,0.061525223,0.023926475,0.020508408,0.430676558,0.020508408,0.011963238,0.430676558,0.05383457,0.047852951,0.015381306
2012,5,North Dakota,4,8,16,1,28,37,1,10,4,15,0.096713202,0.048356601,0.0241783,0.386852807,0.013816172,0.010455481,0.386852807,0.038685281,0.096713202,0.025790187
2012,6,Tennessee,6,13,3,1,15,19,1,4,6,17,0.059367865,0.027400553,0.118735729,0.356207187,0.023747146,0.018747747,0.356207187,0.089051797,0.059367865,0.020953364
2012,7,Wyoming,3,10,3,1,14,14,1,5,4,26,0.111111111,0.033333333,0.111111111,0.333333333,0.023809524,0.023809524,0.333333333,0.066666667,0.083333333,0.012820513
2012,8,New Hampshire,11,42,7,1,7,50,16,14,33,44,0.028678625,0.007511068,0.045066411,0.315464877,0.045066411,0.006309298,0.019716555,0.022533205,0.009559542,0.007169656
2012,9,Iowa,12,26,16,1,29,29,21,17,9,19,0.025085833,0.011578077,0.018814375,0.301029996,0.010380345,0.010380345,0.014334762,0.017707647,0.033447777,0.015843684
2012,10,Florida ,10,4,7,1,6,5,14,12,18,3,0.028906483,0.072266207,0.041294975,0.289064826,0.048177471,0.057812965,0.020647488,0.024088736,0.016059157,0.096354942
2012,11,Montana,9,28,16,1,10,40,1,7,8,43,0.030993661,0.009962248,0.017433934,0.278942946,0.027894295,0.006973574,0.278942946,0.039848992,0.034867868,0.006487045
2012,12,Utah,8,21,16,1,20,33,14,9,2,30,0.033779769,0.012868484,0.016889885,0.270238154,0.013511908,0.008189035,0.019302725,0.030026462,0.135119077,0.009007938
2012,13,Alabama,13,23,2,1,4,18,1,6,20,47,0.02020381,0.011419545,0.131324768,0.262649535,0.065662384,0.014591641,0.262649535,0.043774923,0.013132477,0.005588288
2012,14,Nevada,16,33,7,1,18,49,16,13,33,45,0.015997377,0.007756304,0.036565432,0.255958025,0.01421989,0.005223633,0.015997377,0.019689079,0.007756304,0.005687956
2012,15,Virginia,14,11,7,1,23,26,23,18,25,10,0.017857143,0.022727273,0.035714286,0.25,0.010869565,0.009615385,0.010869565,0.013888889,0.01,0.025
2012,16,Indiana,15,24,21,1,33,24,1,11,12,13,0.016310036,0.010193773,0.011650026,0.244650542,0.007413653,0.010193773,0.244650542,0.022240958,0.020387545,0.018819272
2012,17,Missouri,18,25,7,1,17,27,1,15,14,24,0.013322915,0.009592499,0.034258924,0.239812467,0.014106616,0.008881943,0.239812467,0.015987498,0.017129462,0.009992186
2012,18,Ohio,21,5,29,1,22,6,21,21,6,7,0.011209948,0.047081783,0.008117549,0.235408913,0.010700405,0.039234819,0.011209948,0.011209948,0.039234819,0.033629845
2012,19,Texas,20,1,7,1,12,1,16,19,15,9,0.011568911,0.231378213,0.03305403,0.231378213,0.019281518,0.231378213,0.014461138,0.012177801,0.015425214,0.02570869
2012,20,Colorado,19,16,7,1,24,42,16,20,19,32,0.011982645,0.014229391,0.032524321,0.227670249,0.00948626,0.00542072,0.014229391,0.011383512,0.011982645,0.007114695
2012,21,Idaho,17,34,25,1,31,41,1,16,16,37,0.013190813,0.006595407,0.008969753,0.224243824,0.007233672,0.005469362,0.224243824,0.014015239,0.014015239,0.006060644
2012,22,Kansas,22,37,25,1,38,48,23,24,35,29,0.010048397,0.005974722,0.008842589,0.221064729,0.005817493,0.004605515,0.00961151,0.00921103,0.006316135,0.007622922
2012,23,Wisconsin,23,2,29,1,48,22,40,39,39,4,0.009482795,0.109052146,0.007520838,0.218104292,0.004543839,0.009913831,0.005452607,0.005592418,0.005592418,0.054526073
2012,24,Georgia,25,22,7,1,9,13,16,23,32,21,0.008613531,0.009788104,0.030762611,0.215338279,0.023926475,0.016564483,0.013458642,0.009362534,0.006729321,0.010254204
2012,25,Washington,29,7,29,1,37,28,23,31,24,14,0.007336071,0.030392293,0.007336071,0.212746054,0.005749893,0.007598073,0.009249828,0.006862776,0.008864419,0.015196147
2012,26,North Carolina,27,14,21,1,16,12,23,25,37,18,0.007789256,0.015022137,0.010014758,0.210309918,0.01314437,0.017525826,0.009143909,0.008412397,0.005684052,0.011683884
2012,27,Louisiana,30,32,7,1,19,16,30,26,27,38,0.00693382,0.006500456,0.029716371,0.208014598,0.010948137,0.013000912,0.00693382,0.008000561,0.007704244,0.005474068
2012,28,Arizona,24,15,29,1,44,32,23,28,30,22,0.008576951,0.013723122,0.007098167,0.205846832,0.004678337,0.006432714,0.008949862,0.007351673,0.006861561,0.009356674
2012,29,South Carolina,26,12,21,1,8,23,36,33,22,41,0.007838271,0.016982921,0.009704526,0.203795047,0.025474381,0.008860654,0.005660974,0.006175607,0.009263411,0.004970611
2012,30,Mississippi,34,27,29,1,43,25,30,30,23,36,0.005936738,0.007475892,0.006960313,0.201849087,0.004694165,0.008073963,0.006728303,0.006728303,0.008776047,0.005606919
2012,31,Arkansas,33,31,25,1,39,20,30,27,21,25,0.006060606,0.006451613,0.008,0.2,0.005128205,0.01,0.006666667,0.007407407,0.00952381,0.008
2012,32,Oregon,32,19,29,1,45,31,30,32,16,33,0.006194996,0.010433677,0.006835857,0.198239863,0.00440533,0.006394834,0.006607995,0.006194996,0.012389991,0.006007269
2012,33,Michigan,31,6,29,1,27,9,36,35,25,12,0.006340698,0.032760272,0.006777987,0.196561632,0.00728006,0.021840181,0.005460045,0.005616047,0.007862465,0.016380136
2012,34,Minnesota,28,20,29,1,49,17,23,34,31,11,0.006962822,0.009747951,0.006722725,0.194959022,0.003978756,0.011468178,0.008476479,0.005734089,0.006289001,0.017723547
2012,35,Pennsylvania,37,17,29,1,36,10,23,29,40,6,0.005227741,0.011378024,0.006669876,0.193426404,0.005372956,0.01934264,0.008409844,0.006669876,0.00483566,0.032237734
2012,36,Maryland,36,39,29,1,40,34,40,41,41,20,0.005332187,0.004922018,0.006619266,0.19195872,0.004798968,0.005645845,0.004798968,0.00468192,0.00468192,0.009597936
2012,37,New Mexico,40,29,16,1,25,11,1,22,13,48,0.004763785,0.006570738,0.011909463,0.190551412,0.007622056,0.017322856,0.190551412,0.008661428,0.014657801,0.003969821
2012,38,Rhode Island,38,41,29,1,42,45,40,44,42,35,0.004978957,0.004614643,0.00652415,0.18920036,0.00450477,0.004204452,0.004730009,0.004300008,0.00450477,0.005405725
2012,39,Vermont,39,44,29,1,26,35,40,40,45,27,0.004817996,0.004270496,0.006479373,0.187901825,0.007226993,0.005368624,0.004697546,0.004697546,0.004175596,0.006959327
2012,40,Maine,35,45,25,1,30,46,38,36,38,42,0.005332926,0.004147831,0.007466096,0.186652411,0.006221747,0.004057661,0.004911906,0.005184789,0.004911906,0.004444105
2012,41,Delaware,43,38,29,1,3,38,30,37,27,46,0.004312768,0.004880237,0.006394794,0.185449023,0.061816341,0.004880237,0.006181634,0.005012136,0.006868482,0.004031501
2012,42,New York,44,9,29,1,34,4,40,43,43,2,0.004188383,0.020476537,0.006354787,0.184288833,0.00542026,0.046072208,0.004607221,0.004285787,0.004285787,0.092144417
2012,43,California,47,48,29,1,50,3,40,45,46,1,0.003897218,0.003816026,0.006316181,0.183169251,0.003663385,0.061056417,0.004579231,0.004070428,0.00398194,0.183169251
2012,44,West Virginia,41,40,29,1,35,21,30,38,29,40,0.004441168,0.004552198,0.006278893,0.1820879,0.005202511,0.008670852,0.006069597,0.004791787,0.006278893,0.004552198
2012,45,Massachusetts,46,47,29,1,46,15,40,49,46,8,0.003935709,0.00385197,0.006242848,0.181042597,0.003935709,0.012069506,0.004526065,0.003694747,0.003935709,0.022630325
2012,46,Kentucky,42,43,29,1,41,30,40,42,49,31,0.00428646,0.004186775,0.006207977,0.180031327,0.004391008,0.006001044,0.004500783,0.00428646,0.003674109,0.005807462
2012,47,Hawaii,45,36,29,1,2,47,38,46,36,50,0.003978938,0.004973673,0.006174215,0.179052232,0.089526116,0.003809622,0.004711901,0.00389244,0.004973673,0.003581045
2012,48,Connecticut,48,46,29,1,32,39,40,47,44,23,0.003710492,0.003871817,0.006141503,0.178103594,0.005565737,0.004566759,0.00445259,0.003789438,0.004047809,0.007743635
2012,49,New Jersey,49,50,29,1,11,8,40,48,50,16,0.003615996,0.003543676,0.006109787,0.17718382,0.01610762,0.022147978,0.004429596,0.00369133,0.003543676,0.011073989
2012,50,Illinois,50,49,29,1,47,7,40,50,46,5,0.003525829,0.003597784,0.006079015,0.176291434,0.003750882,0.025184491,0.004407286,0.003525829,0.003832422,0.035258287
2013,1,Nebraska,6,34,2,1,14,44,1,1,13,34,0.166666667,0.029411765,0.5,1,0.071428571,0.022727273,1,1,0.076923077,0.029411765
2013,2,Alaska,1,2,1,1,1,3,1,3,1,50,0.630929754,0.315464877,0.630929754,0.630929754,0.630929754,0.210309918,0.630929754,0.210309918,0.630929754,0.012618595
2013,3,South Dakota,2,29,2,1,7,43,1,2,4,38,0.25,0.017241379,0.25,0.5,0.071428571,0.011627907,0.5,0.25,0.125,0.013157895
2013,4,Oklahoma,9,25,17,1,24,32,1,4,9,32,0.047852951,0.017227062,0.025333915,0.430676558,0.017944857,0.013458642,0.430676558,0.10766914,0.047852951,0.013458642
2013,5,Wyoming,3,7,2,1,9,11,1,6,2,28,0.128950936,0.055264687,0.193426404,0.386852807,0.042983645,0.035168437,0.386852807,0.064475468,0.193426404,0.013816172
2013,6,North Dakota,4,6,17,1,12,35,1,7,2,11,0.089051797,0.059367865,0.020953364,0.356207187,0.029683932,0.010177348,0.356207187,0.050886741,0.178103594,0.032382472
2013,7,Florida ,5,4,7,1,8,4,13,11,5,3,0.066666667,0.083333333,0.047619048,0.333333333,0.041666667,0.083333333,0.025641026,0.03030303,0.066666667,0.111111111
2013,8,Tennessee,7,17,2,1,16,18,1,5,7,16,0.045066411,0.018556757,0.157732438,0.315464877,0.019716555,0.017525826,0.315464877,0.063092975,0.045066411,0.019716555
2013,9,New Hampshire,12,46,7,1,18,50,16,15,37,47,0.025085833,0.00654413,0.043004285,0.301029996,0.016723889,0.0060206,0.018814375,0.020068666,0.008135946,0.006404894
2013,10,Utah,8,21,17,1,22,36,1,10,6,29,0.036133103,0.013764992,0.017003813,0.289064826,0.01313931,0.008029579,0.289064826,0.028906483,0.048177471,0.009967753
2013,11,Nevada,16,36,7,1,17,49,13,12,23,46,0.017433934,0.007748415,0.039848992,0.278942946,0.016408409,0.005692713,0.02145715,0.023245245,0.012127954,0.006063977
2013,12,Indiana,14,26,7,1,28,26,19,9,18,15,0.019302725,0.010393775,0.038605451,0.270238154,0.009651363,0.010393775,0.014223061,0.030026462,0.015013231,0.018015877
2013,13,Montana,10,31,2,1,15,39,1,8,11,42,0.026264954,0.008472566,0.131324768,0.262649535,0.017509969,0.006734603,0.262649535,0.032831192,0.02387723,0.00625356
2013,14,Alabama,11,27,7,1,3,16,21,17,20,44,0.023268911,0.009479927,0.036565432,0.255958025,0.085319342,0.015997377,0.012188477,0.015056354,0.012797901,0.005817228
2013,15,Virginia,17,18,27,1,21,21,24,18,26,10,0.014705882,0.013888889,0.009259259,0.25,0.011904762,0.011904762,0.010416667,0.013888889,0.009615385,0.025
2013,16,Texas,15,1,7,1,4,1,16,21,16,13,0.016310036,0.244650542,0.034950077,0.244650542,0.061162636,0.244650542,0.015290659,0.011650026,0.015290659,0.018819272
2013,17,Missouri,19,22,7,1,20,29,1,14,12,25,0.012621709,0.010900567,0.034258924,0.239812467,0.011990623,0.008269395,0.239812467,0.017129462,0.019984372,0.009592499
2013,18,Idaho,13,35,24,1,29,41,1,13,13,40,0.018108378,0.006725969,0.009808705,0.235408913,0.008117549,0.005741681,0.235408913,0.018108378,0.018108378,0.005885223
2013,19,Colorado,18,19,7,1,25,38,13,16,18,33,0.012854345,0.012177801,0.03305403,0.231378213,0.009255129,0.0060889,0.017798324,0.014461138,0.012854345,0.007011461
2013,20,Ohio,23,5,27,1,23,6,21,22,7,5,0.009898706,0.04553405,0.008432231,0.227670249,0.009898706,0.037945041,0.01084144,0.010348648,0.032524321,0.04553405
2013,21,Iowa,20,24,17,1,32,27,21,19,13,23,0.011212191,0.009343493,0.013190813,0.224243824,0.00700762,0.008305327,0.010678277,0.011802307,0.017249525,0.009749731
2013,22,Kansas,21,39,24,1,36,47,24,25,35,30,0.010526892,0.005668326,0.00921103,0.221064729,0.006140687,0.004703505,0.00921103,0.008842589,0.006316135,0.007368824
2013,23,South Carolina,22,23,22,1,10,25,19,23,17,41,0.009913831,0.009482795,0.009913831,0.218104292,0.021810429,0.008724172,0.011479173,0.009482795,0.012829664,0.005319617
2013,24,Georgia,25,16,7,1,11,14,16,24,26,19,0.008613531,0.013458642,0.030762611,0.215338279,0.019576207,0.015381306,0.013458642,0.008972428,0.008282242,0.011333594
2013,25,North Carolina,27,8,22,1,13,12,24,26,32,18,0.007879483,0.026593257,0.009670275,0.212746054,0.016365081,0.017728838,0.008864419,0.008182541,0.006648314,0.011819225
2013,26,Wisconsin,29,20,27,1,47,24,38,36,40,8,0.007252066,0.010515496,0.007789256,0.210309918,0.004474679,0.008762913,0.005534472,0.005841942,0.005257748,0.02628874
2013,27,Washington,30,11,27,1,35,22,24,32,34,14,0.00693382,0.018910418,0.007704244,0.208014598,0.005943274,0.009455209,0.008667275,0.006500456,0.006118076,0.014858186
2013,28,Arizona,24,15,27,1,42,33,24,30,32,21,0.008576951,0.013723122,0.007623957,0.205846832,0.004901115,0.006237783,0.008576951,0.006861561,0.006432714,0.00980223
2013,29,Oregon,26,13,27,1,43,30,31,27,21,24,0.007838271,0.015676542,0.007547965,0.203795047,0.00473942,0.006793168,0.006574034,0.007547965,0.009704526,0.00849146
2013,30,Louisiana,31,41,7,1,19,17,31,29,28,37,0.006511261,0.004923148,0.028835584,0.201849087,0.010623636,0.011873476,0.006511261,0.006960313,0.007208896,0.005455381
2013,31,Minnesota,28,12,27,1,48,15,31,33,30,9,0.007142857,0.016666667,0.007407407,0.2,0.004166667,0.013333333,0.006451613,0.006060606,0.006666667,0.022222222
2013,32,Michigan,32,9,27,1,27,9,24,35,25,12,0.006194996,0.022026651,0.007342217,0.198239863,0.007342217,0.022026651,0.008259994,0.005663996,0.007929595,0.016519989
2013,33,Maryland,34,37,27,1,38,37,42,41,42,17,0.005781224,0.005312477,0.00728006,0.196561632,0.005172675,0.005312477,0.004680039,0.004794186,0.004680039,0.011562449
2013,34,Arkansas,33,30,27,1,39,20,31,28,22,27,0.005907849,0.006498634,0.007220705,0.194959022,0.004998949,0.009747951,0.006289001,0.006962822,0.008861774,0.007220705
2013,35,Pennsylvania,35,14,27,1,33,10,24,34,41,6,0.005526469,0.013816172,0.007163941,0.193426404,0.005861406,0.01934264,0.008059433,0.005689012,0.004717717,0.032237734
2013,36,Mississippi,38,32,27,1,44,23,31,31,23,39,0.005051545,0.00599871,0.007109582,0.19195872,0.004362698,0.008346031,0.006192217,0.006192217,0.008346031,0.004922018
2013,37,Vermont,40,45,27,1,30,34,39,38,39,31,0.004763785,0.004234476,0.00705746,0.190551412,0.006351714,0.005604453,0.004885934,0.005014511,0.004885934,0.00614682
2013,38,Rhode Island,36,43,27,1,41,46,42,45,43,36,0.005255566,0.004400008,0.007007421,0.18920036,0.004614643,0.004113051,0.00450477,0.004204452,0.004400008,0.005255566
2013,39,New Mexico,42,28,17,1,26,13,1,20,9,48,0.004473853,0.006710779,0.011053049,0.187901825,0.007226993,0.014453987,0.187901825,0.009395091,0.020877981,0.003914621
2013,40,Maine,37,47,24,1,34,48,39,39,38,43,0.00504466,0.003971328,0.007777184,0.186652411,0.005489777,0.003888592,0.004785959,0.004785959,0.004911906,0.004340754
2013,41,Delaware,41,40,27,1,2,42,31,37,28,45,0.004523147,0.004636226,0.006868482,0.185449023,0.092724512,0.004415453,0.005982227,0.005012136,0.006623179,0.004121089
2013,42,West Virginia,39,38,27,1,37,28,31,40,31,35,0.004725355,0.004849706,0.006825512,0.184288833,0.004980779,0.006581744,0.005944801,0.004607221,0.005944801,0.005265395
2013,43,California,43,3,27,1,50,2,42,44,44,1,0.00425975,0.061056417,0.006784046,0.183169251,0.003663385,0.091584625,0.004361173,0.004162938,0.004162938,0.183169251
2013,44,New York,45,10,27,1,40,5,42,46,45,2,0.004046398,0.01820879,0.006743996,0.1820879,0.004552198,0.03641758,0.004335426,0.003958433,0.004046398,0.09104395
2013,45,Hawaii,44,33,27,1,5,45,39,43,35,49,0.004114604,0.005486139,0.006705281,0.181042597,0.036208519,0.004023169,0.004642118,0.004210293,0.005172646,0.003694747
2013,46,Connecticut,48,44,27,1,31,40,42,47,46,22,0.003750653,0.004091621,0.006667827,0.180031327,0.005807462,0.004500783,0.00428646,0.003830454,0.003913724,0.008183242
2013,47,Kentucky,46,42,27,1,46,31,42,42,49,26,0.00389244,0.004263148,0.006631564,0.179052232,0.00389244,0.005775878,0.004263148,0.004263148,0.003654127,0.006886624
2013,48,Massachusetts,47,49,27,1,49,19,42,49,46,7,0.003789438,0.003634767,0.006596429,0.178103594,0.003634767,0.009373873,0.004240562,0.003634767,0.003871817,0.025443371
2013,49,New Jersey,50,50,27,1,6,8,42,48,50,20,0.003543676,0.003543676,0.006562364,0.17718382,0.029530637,0.022147978,0.004218662,0.00369133,0.003543676,0.008859191
2013,50,Illinois,49,48,27,1,45,7,42,50,46,4,0.003597784,0.003672738,0.006529312,0.176291434,0.003917587,0.025184491,0.004197415,0.003525829,0.003832422,0.044072859
2014,1,Nebraska,4,34,2,1,12,43,1,1,9,33,0.25,0.029411765,0.5,1,0.083333333,0.023255814,1,1,0.111111111,0.03030303
2014,2,Alaska,1,2,1,1,1,1,1,3,1,42,0.630929754,0.315464877,0.630929754,0.630929754,0.630929754,0.630929754,0.630929754,0.210309918,0.630929754,0.015022137
2014,3,South Dakota,3,28,2,1,7,44,1,2,5,40,0.166666667,0.017857143,0.25,0.5,0.071428571,0.011363636,0.5,0.25,0.1,0.0125
2014,4,Oklahoma,8,20,18,1,18,31,1,5,8,31,0.05383457,0.021533828,0.023926475,0.430676558,0.023926475,0.013892792,0.430676558,0.086135312,0.05383457,0.013892792
2014,5,Wyoming,2,10,2,1,9,16,1,4,2,22,0.193426404,0.038685281,0.193426404,0.386852807,0.042983645,0.0241783,0.386852807,0.096713202,0.193426404,0.017584219
2014,6,North Dakota,6,7,18,1,28,15,1,7,2,9,0.059367865,0.050886741,0.019789288,0.356207187,0.012721685,0.023747146,0.356207187,0.050886741,0.178103594,0.039578576
2014,7,Florida ,5,4,9,1,6,4,13,10,7,3,0.066666667,0.083333333,0.037037037,0.333333333,0.055555556,0.083333333,0.025641026,0.033333333,0.047619048,0.111111111
2014,8,Tennessee,9,19,2,1,16,18,1,6,12,19,0.035051653,0.016603415,0.157732438,0.315464877,0.019716555,0.017525826,0.315464877,0.052577479,0.02628874,0.016603415
2014,9,Utah,7,15,18,1,15,32,1,9,4,29,0.043004285,0.020068666,0.016723889,0.301029996,0.020068666,0.009407187,0.301029996,0.033447777,0.075257499,0.010380345
2014,10,New Hampshire,12,45,9,1,19,50,16,14,39,48,0.024088736,0.006423663,0.032118314,0.289064826,0.015213938,0.005781297,0.018066552,0.020647488,0.007411919,0.006022184
2014,11,Nevada,17,36,9,1,17,49,13,11,26,47,0.016408409,0.007748415,0.030993661,0.278942946,0.016408409,0.005692713,0.02145715,0.02535845,0.010728575,0.005934956
2014,12,Montana,13,32,2,1,13,36,1,8,5,45,0.02078755,0.008444942,0.135119077,0.270238154,0.02078755,0.007506615,0.270238154,0.033779769,0.054047631,0.006005292
2014,13,Indiana,14,22,2,1,35,26,25,17,22,14,0.018760681,0.011938615,0.131324768,0.262649535,0.007504272,0.010101905,0.010505981,0.015449973,0.011938615,0.018760681
2014,14,Texas,11,1,9,1,3,2,16,21,13,12,0.023268911,0.255958025,0.028439781,0.255958025,0.085319342,0.127979012,0.015997377,0.012188477,0.019689079,0.021329835
2014,15,Idaho,10,33,2,1,27,42,1,12,11,37,0.025,0.007575758,0.125,0.25,0.009259259,0.005952381,0.25,0.020833333,0.022727273,0.006756757
2014,16,Virginia,16,16,27,1,21,22,13,15,19,10,0.015290659,0.015290659,0.009061131,0.244650542,0.011650026,0.011120479,0.018819272,0.016310036,0.012876344,0.024465054
2014,17,Missouri,18,25,9,1,20,29,1,13,14,27,0.013322915,0.009592499,0.02664583,0.239812467,0.011990623,0.008269395,0.239812467,0.018447113,0.017129462,0.008881943
2014,18,Alabama,19,26,9,1,2,17,22,16,25,46,0.012389943,0.009054189,0.026156546,0.235408913,0.117704457,0.013847583,0.010700405,0.014713057,0.009416357,0.005117585
2014,19,Colorado,15,14,9,1,23,40,16,18,24,30,0.015425214,0.016527015,0.02570869,0.231378213,0.010059922,0.005784455,0.014461138,0.012854345,0.009640759,0.007712607
2014,20,Ohio,26,5,27,1,24,5,22,22,10,5,0.008756548,0.04553405,0.008432231,0.227670249,0.00948626,0.04553405,0.010348648,0.010348648,0.022767025,0.04553405
2014,21,Kansas,20,40,24,1,33,48,25,24,37,34,0.011212191,0.005606096,0.009343493,0.224243824,0.006795267,0.004671746,0.008969753,0.009343493,0.006060644,0.006595407
2014,22,North Carolina,22,8,21,1,11,13,25,27,30,20,0.010048397,0.027633091,0.010526892,0.221064729,0.020096794,0.017004979,0.008842589,0.008187583,0.007368824,0.011053236
2014,23,Georgia,24,12,9,1,14,12,16,23,28,18,0.009087679,0.018175358,0.02423381,0.218104292,0.015578878,0.018175358,0.013631518,0.009482795,0.007789439,0.012116905
2014,24,South Carolina,21,21,21,1,10,28,20,20,15,41,0.010254204,0.010254204,0.010254204,0.215338279,0.021533828,0.007690653,0.010766914,0.010766914,0.014355885,0.005252153
2014,25,Iowa,23,30,21,1,32,35,1,19,21,28,0.009249828,0.007091535,0.010130764,0.212746054,0.006648314,0.006078459,0.212746054,0.011197161,0.010130764,0.007598073
2014,26,Arizona,25,17,27,1,40,34,25,25,30,23,0.008412397,0.012371172,0.007789256,0.210309918,0.005257748,0.006185586,0.008412397,0.008412397,0.007010331,0.009143909
2014,27,Washington,28,9,27,1,37,23,25,33,27,13,0.007429093,0.023112733,0.007704244,0.208014598,0.005622016,0.009044113,0.008320584,0.006303473,0.007704244,0.016001123
2014,28,Minnesota,27,11,27,1,45,11,32,29,19,11,0.007623957,0.018713348,0.007623957,0.205846832,0.004574374,0.018713348,0.006432714,0.007098167,0.010834044,0.018713348
2014,29,Arkansas,31,29,27,1,38,20,22,28,18,26,0.006574034,0.007027415,0.007547965,0.203795047,0.005363028,0.010189752,0.009263411,0.007278395,0.011321947,0.007838271
2014,30,Louisiana,32,38,9,1,22,21,32,30,29,39,0.006307784,0.005311818,0.022427676,0.201849087,0.009174958,0.009611861,0.006307784,0.006728303,0.006960313,0.005175618
2014,31,Wisconsin,30,18,27,1,48,19,25,35,36,8,0.006666667,0.011111111,0.007407407,0.2,0.004166667,0.010526316,0.008,0.005714286,0.005555556,0.025
2014,32,Oregon,29,13,27,1,43,27,32,31,15,24,0.006835857,0.01524922,0.007342217,0.198239863,0.004610229,0.007342217,0.006194996,0.006394834,0.013215991,0.008259994
2014,33,Michigan,33,23,27,1,25,9,25,34,32,15,0.005956413,0.008546158,0.00728006,0.196561632,0.007862465,0.021840181,0.007862465,0.005781224,0.006142551,0.013104109
2014,34,Maryland,35,41,27,1,39,37,41,40,42,16,0.005570258,0.004755098,0.007220705,0.194959022,0.004998949,0.005269163,0.004755098,0.004873976,0.004641881,0.012184939
2014,35,Pennsylvania,36,27,27,1,31,10,41,36,41,6,0.005372956,0.007163941,0.007163941,0.193426404,0.006239561,0.01934264,0.004717717,0.005372956,0.004717717,0.032237734
2014,36,Mississippi,38,31,27,1,41,25,32,32,23,38,0.005051545,0.006192217,0.007109582,0.19195872,0.00468192,0.007678349,0.00599871,0.00599871,0.008346031,0.005051545
2014,37,Vermont,40,43,27,1,26,38,37,38,33,32,0.004763785,0.004431428,0.00705746,0.190551412,0.0073289,0.005014511,0.005150038,0.005014511,0.005774285,0.005954732
2014,38,Maine,34,46,27,1,34,46,37,37,40,43,0.005564716,0.004113051,0.007007421,0.18920036,0.005564716,0.004113051,0.005113523,0.005113523,0.004730009,0.004400008
2014,39,Rhode Island,37,42,27,1,42,47,41,43,43,35,0.005078428,0.004473853,0.006959327,0.187901825,0.004473853,0.003997911,0.004582971,0.00436981,0.00436981,0.005368624
2014,40,New Mexico,43,24,24,1,29,14,20,26,15,49,0.004340754,0.007777184,0.007777184,0.186652411,0.00643629,0.013332315,0.009332621,0.007178939,0.012443494,0.003809233
2014,41,New York,41,6,27,1,49,6,41,42,45,2,0.004523147,0.030908171,0.006868482,0.185449023,0.003784674,0.030908171,0.004523147,0.004415453,0.004121089,0.092724512
2014,42,West Virginia,39,37,24,1,36,30,32,39,37,36,0.004725355,0.004980779,0.007678701,0.184288833,0.005119134,0.006142961,0.005759026,0.004725355,0.004980779,0.005119134
2014,43,California,42,3,27,1,50,3,41,45,44,1,0.004361173,0.061056417,0.006784046,0.183169251,0.003663385,0.061056417,0.004467543,0.004070428,0.004162938,0.183169251
2014,44,Delaware,44,39,27,1,5,41,37,46,34,44,0.004138361,0.004668921,0.006743996,0.1820879,0.03641758,0.004441168,0.004921295,0.003958433,0.005355526,0.004138361
2014,45,Hawaii,45,35,27,1,4,45,37,41,34,50,0.004023169,0.005172646,0.006705281,0.181042597,0.045260649,0.004023169,0.004893043,0.004415673,0.005324782,0.003620852
2014,46,New Jersey,50,50,27,1,8,8,41,47,46,17,0.003600627,0.003600627,0.006667827,0.180031327,0.022503916,0.022503916,0.004391008,0.003830454,0.003913724,0.010590078
2014,47,Massachusetts,47,49,27,1,47,24,41,49,47,7,0.003809622,0.003654127,0.006631564,0.179052232,0.003809622,0.00746051,0.004367128,0.003654127,0.003809622,0.02557889
2014,48,Connecticut,48,48,27,1,30,39,41,48,50,21,0.003710492,0.003710492,0.006596429,0.178103594,0.005936786,0.004566759,0.00434399,0.003710492,0.003562072,0.008481124
2014,49,Illinois,49,47,27,1,44,7,41,50,47,4,0.003615996,0.003769869,0.006562364,0.17718382,0.004026905,0.025311974,0.004321557,0.003543676,0.003769869,0.044295955
2014,50,Kentucky,46,44,27,1,46,33,41,44,49,25,0.003832422,0.004006624,0.006529312,0.176291434,0.003832422,0.005342165,0.004299791,0.004006624,0.003597784,0.007051657
2015,1,Nebraska,3,36,2,1,12,41,1,1,10,36,0.333333333,0.027777778,0.5,1,0.083333333,0.024390244,1,1,0.1,0.027777778
2015,2,Oklahoma,6,16,15,1,14,33,1,3,9,34,0.105154959,0.03943311,0.042061984,0.630929754,0.045066411,0.019119083,0.630929754,0.210309918,0.070103306,0.018556757
2015,3,South Dakota,1,31,2,1,5,43,1,2,6,42,0.5,0.016129032,0.25,0.5,0.1,0.011627907,0.5,0.25,0.083333333,0.011904762
2015,4,Tennessee,4,14,2,1,11,20,1,4,5,21,0.10766914,0.030762611,0.215338279,0.430676558,0.039152414,0.021533828,0.430676558,0.10766914,0.086135312,0.020508408
2015,5,Florida ,2,4,6,1,3,4,9,8,1,4,0.193426404,0.096713202,0.064475468,0.386852807,0.128950936,0.096713202,0.042983645,0.048356601,0.386852807,0.096713202
2015,6,North Dakota,12,8,15,1,29,14,1,5,2,16,0.029683932,0.044525898,0.023747146,0.356207187,0.012283006,0.025443371,0.356207187,0.071241437,0.178103594,0.022262949
2015,7,Wyoming,7,9,2,1,9,9,1,6,3,40,0.047619048,0.037037037,0.166666667,0.333333333,0.037037037,0.037037037,0.333333333,0.055555556,0.111111111,0.008333333
2015,8,Utah,5,17,15,1,16,31,9,9,3,30,0.063092975,0.018556757,0.021030992,0.315464877,0.019716555,0.010176286,0.035051653,0.035051653,0.105154959,0.010515496
2015,9,Idaho,8,33,15,1,18,36,1,7,13,37,0.037628749,0.009122121,0.020068666,0.301029996,0.016723889,0.008361944,0.301029996,0.043004285,0.023156154,0.008135946
2015,10,Montana,13,29,15,1,15,35,19,10,6,44,0.022235756,0.009967753,0.019270988,0.289064826,0.019270988,0.008258995,0.015213938,0.028906483,0.048177471,0.006569655
2015,11,Alaska,9,3,1,1,1,1,1,13,8,50,0.030993661,0.092980982,0.278942946,0.278942946,0.278942946,0.278942946,0.278942946,0.02145715,0.034867868,0.005578859
2015,12,New Hampshire,10,47,6,1,21,50,15,18,48,48,0.027023815,0.005749748,0.045039692,0.270238154,0.012868484,0.005404763,0.018015877,0.015013231,0.005629962,0.005629962
2015,13,Virginia,11,19,24,1,19,22,9,15,29,12,0.02387723,0.01382366,0.010943731,0.262649535,0.01382366,0.011938615,0.029183282,0.017509969,0.009056881,0.021887461
2015,14,Missouri,14,21,6,1,17,29,9,11,11,25,0.018282716,0.012188477,0.042659671,0.255958025,0.015056354,0.008826139,0.028439781,0.023268911,0.023268911,0.010238321
2015,15,North Carolina,16,6,20,1,6,13,24,22,21,22,0.015625,0.041666667,0.0125,0.25,0.041666667,0.019230769,0.010416667,0.011363636,0.011904762,0.011363636
2015,16,Nevada,19,37,6,1,20,49,15,12,28,47,0.012876344,0.006612177,0.04077509,0.244650542,0.012232527,0.004992868,0.016310036,0.020387545,0.008737519,0.005205331
2015,17,Indiana,15,22,24,1,38,26,9,23,27,14,0.015987498,0.010900567,0.009992186,0.239812467,0.006310854,0.009223556,0.02664583,0.010426629,0.008881943,0.017129462
2015,18,Alabama,18,30,6,1,7,17,19,14,12,43,0.013078273,0.007846964,0.039234819,0.235408913,0.033629845,0.013847583,0.012389943,0.016814922,0.019617409,0.005474626
2015,19,Texas,17,2,6,1,2,3,9,16,14,19,0.013610483,0.115689107,0.038563036,0.231378213,0.115689107,0.077126071,0.02570869,0.014461138,0.016527015,0.012177801
2015,20,Georgia,20,10,6,1,13,15,30,19,29,18,0.011383512,0.022767025,0.037945041,0.227670249,0.017513096,0.015178017,0.007589008,0.011982645,0.007850698,0.012648347
2015,21,South Carolina,23,26,20,1,10,25,30,20,20,41,0.009749731,0.008624762,0.011212191,0.224243824,0.022424382,0.008969753,0.007474794,0.011212191,0.011212191,0.005469362
2015,22,Kansas,21,45,24,1,32,46,24,28,31,35,0.010526892,0.00491255,0.00921103,0.221064729,0.006908273,0.004805755,0.00921103,0.007895169,0.00713112,0.006316135
2015,23,Colorado,22,25,6,1,25,37,15,21,26,24,0.009913831,0.008724172,0.036350715,0.218104292,0.008724172,0.005894711,0.014540286,0.010385919,0.008388627,0.009087679
2015,24,Oregon,30,24,24,1,36,28,19,24,17,32,0.007177943,0.008972428,0.008972428,0.215338279,0.005981619,0.007690653,0.011333594,0.008972428,0.012666958,0.006729321
2015,25,Wisconsin,24,28,24,1,42,23,24,32,23,17,0.008864419,0.007598073,0.008864419,0.212746054,0.005065382,0.009249828,0.008864419,0.006648314,0.009249828,0.012514474
2015,26,Ohio,28,7,24,1,23,6,19,17,16,9,0.007511068,0.030044274,0.008762913,0.210309918,0.009143909,0.035051653,0.011068943,0.012371172,0.01314437,0.023367769
2015,27,Arkansas,33,23,24,1,30,18,19,25,17,27,0.006303473,0.009044113,0.008667275,0.208014598,0.00693382,0.011556367,0.010948137,0.008320584,0.012236153,0.007704244
2015,28,Minnesota,29,11,24,1,44,12,30,26,15,10,0.007098167,0.018713348,0.008576951,0.205846832,0.004678337,0.017153903,0.006861561,0.007917186,0.013723122,0.020584683
2015,29,Iowa,26,34,20,1,31,34,36,29,22,28,0.007838271,0.005993972,0.010189752,0.203795047,0.006574034,0.005993972,0.005660974,0.007027415,0.009263411,0.007278395
2015,30,Arizona,25,20,24,1,40,30,24,27,24,23,0.008073963,0.010092454,0.008410379,0.201849087,0.005046227,0.006728303,0.008410379,0.007475892,0.008410379,0.008776047
2015,31,Washington,27,12,24,1,22,19,24,30,25,20,0.007407407,0.016666667,0.008333333,0.2,0.009090909,0.010526316,0.008333333,0.006666667,0.008,0.01
2015,32,Michigan,35,18,24,1,28,10,24,35,36,15,0.005663996,0.011013326,0.008259994,0.198239863,0.007079995,0.019823986,0.008259994,0.005663996,0.005506663,0.013215991
2015,33,Maryland,32,40,24,1,41,40,38,42,45,11,0.006142551,0.004914041,0.008190068,0.196561632,0.004794186,0.004914041,0.005172675,0.004680039,0.004368036,0.017869239
2015,34,Maine,31,44,24,1,34,47,38,44,43,39,0.006289001,0.004430887,0.008123293,0.194959022,0.005734089,0.004148064,0.005130501,0.004430887,0.004533931,0.004998949
2015,35,Pennsylvania,34,13,24,1,33,11,38,38,41,7,0.005689012,0.014878954,0.008059433,0.193426404,0.005861406,0.017584219,0.005090169,0.005090169,0.004717717,0.027632343
2015,36,New York,38,5,24,1,27,5,38,41,35,2,0.005051545,0.038391744,0.00799828,0.19195872,0.007109582,0.038391744,0.005051545,0.00468192,0.005484535,0.09597936
2015,37,Louisiana,36,39,6,1,24,24,15,34,44,31,0.005293095,0.004885934,0.031758569,0.190551412,0.007939642,0.007939642,0.012703427,0.005604453,0.004330714,0.00614682
2015,38,Mississippi,40,35,24,1,43,27,30,31,32,38,0.004730009,0.005405725,0.007883348,0.18920036,0.004400008,0.007007421,0.006306679,0.006103237,0.005912511,0.004978957
2015,39,Rhode Island,37,42,24,1,45,44,38,46,42,26,0.005078428,0.004473853,0.007829243,0.187901825,0.004175596,0.004270496,0.004944785,0.004084822,0.004473853,0.007226993
2015,40,Connecticut,45,32,24,1,47,48,38,45,38,8,0.004147831,0.005832888,0.007777184,0.186652411,0.003971328,0.003888592,0.004911906,0.004147831,0.004911906,0.023331551
2015,41,Delaware,42,41,24,1,4,42,30,37,32,45,0.004415453,0.004523147,0.007727043,0.185449023,0.046362256,0.004415453,0.006181634,0.005012136,0.005795282,0.004121089
2015,42,California,41,1,24,1,46,2,38,43,38,1,0.00449485,0.184288833,0.007678701,0.184288833,0.004006279,0.092144417,0.004849706,0.004285787,0.004849706,0.184288833
2015,43,Hawaii,44,27,24,1,8,45,30,36,32,46,0.004162938,0.006784046,0.007632052,0.183169251,0.022896156,0.004070428,0.006105642,0.005088035,0.005724039,0.00398194
2015,44,Vermont,43,43,24,1,26,39,38,39,40,33,0.004234602,0.004234602,0.007586996,0.1820879,0.007003381,0.004668921,0.004791787,0.004668921,0.004552198,0.005517815
2015,45,West Virginia,39,38,24,1,37,32,38,40,37,29,0.004642118,0.004764279,0.007543442,0.181042597,0.004893043,0.005657581,0.004764279,0.004526065,0.004893043,0.006242848
2015,46,New Mexico,47,15,23,1,35,16,36,33,19,49,0.003830454,0.012002088,0.007827449,0.180031327,0.005143752,0.011251958,0.00500087,0.005455495,0.009475333,0.003674109
2015,47,Kentucky,48,46,24,1,48,38,38,47,50,13,0.003730255,0.00389244,0.00746051,0.179052232,0.003730255,0.004711901,0.004711901,0.003809622,0.003581045,0.013773249
2015,48,Massachusetts,46,48,24,1,49,21,38,49,45,5,0.003871817,0.003710492,0.007420983,0.178103594,0.003634767,0.008481124,0.004686937,0.003634767,0.003957858,0.035620719
2015,49,New Jersey,50,50,24,1,39,7,38,48,49,6,0.003543676,0.003543676,0.007382659,0.17718382,0.004543175,0.025311974,0.004662732,0.00369133,0.003615996,0.029530637
2015,50,Illinois,49,49,24,1,50,8,38,50,45,3,0.003597784,0.003597784,0.007345476,0.176291434,0.003525829,0.022036429,0.004639248,0.003525829,0.003917587,0.058763811
2016,1,Nebraska,4,36,2,1,11,41,1,2,17,35,0.25,0.027777778,0.5,1,0.090909091,0.024390244,1,0.5,0.058823529,0.028571429
2016,2,South Dakota,2,31,2,1,6,43,1,1,5,43,0.315464877,0.020352573,0.315464877,0.630929754,0.105154959,0.014672785,0.630929754,0.630929754,0.126185951,0.014672785
2016,3,Tennessee,3,10,15,1,12,20,1,4,8,19,0.166666667,0.05,0.033333333,0.5,0.041666667,0.025,0.5,0.125,0.0625,0.026315789
2016,4,Florida ,1,3,5,1,4,4,11,6,1,4,0.430676558,0.143558853,0.086135312,0.430676558,0.10766914,0.10766914,0.039152414,0.071779426,0.430676558,0.10766914
2016,5,Oklahoma,15,39,5,1,20,37,1,3,20,37,0.025790187,0.009919303,0.077370561,0.386852807,0.01934264,0.010455481,0.386852807,0.128950936,0.01934264,0.010455481
2016,6,Wyoming,5,11,2,1,7,7,1,7,12,41,0.071241437,0.032382472,0.178103594,0.356207187,0.050886741,0.050886741,0.356207187,0.050886741,0.029683932,0.00868798
2016,7,Idaho,7,30,15,1,15,31,1,5,2,39,0.047619048,0.011111111,0.022222222,0.333333333,0.022222222,0.010752688,0.333333333,0.066666667,0.166666667,0.008547009
2016,8,Utah,6,27,15,1,21,38,1,11,9,34,0.052577479,0.011683884,0.021030992,0.315464877,0.015022137,0.008301707,0.315464877,0.028678625,0.035051653,0.009278379
2016,9,North Carolina,11,4,20,1,5,11,1,18,19,20,0.027366363,0.075257499,0.0150515,0.301029996,0.060205999,0.027366363,0.301029996,0.016723889,0.015843684,0.0150515
2016,10,Nevada,9,26,5,1,16,49,15,12,30,46,0.032118314,0.011117878,0.057812965,0.289064826,0.018066552,0.005899282,0.019270988,0.024088736,0.009635494,0.006284018
2016,11,Alaska,14,5,1,1,1,1,1,13,6,50,0.019924496,0.055788589,0.278942946,0.278942946,0.278942946,0.278942946,0.278942946,0.02145715,0.046490491,0.005578859
2016,12,New Hampshire,8,43,5,1,19,50,15,17,30,47,0.033779769,0.006284608,0.054047631,0.270238154,0.014223061,0.005404763,0.018015877,0.015896362,0.009007938,0.005749748
2016,13,Virginia,13,20,24,1,18,21,11,15,28,11,0.02020381,0.013132477,0.010943731,0.262649535,0.014591641,0.012507121,0.02387723,0.017509969,0.009380341,0.02387723
2016,14,Alabama,10,19,5,1,8,18,20,14,7,40,0.025595802,0.013471475,0.051191605,0.255958025,0.031994753,0.01421989,0.012797901,0.018282716,0.036565432,0.006398951
2016,15,Missouri,12,24,5,1,17,26,11,10,14,25,0.020833333,0.010416667,0.05,0.25,0.014705882,0.009615385,0.022727273,0.025,0.017857143,0.01
2016,16,Montana,16,29,15,1,14,35,20,9,2,44,0.015290659,0.008436226,0.016310036,0.244650542,0.017475039,0.006990015,0.012232527,0.027183394,0.122325271,0.00556024
2016,17,Kansas,23,45,24,1,36,47,26,30,34,33,0.010426629,0.005329166,0.009992186,0.239812467,0.006661457,0.005102393,0.009223556,0.007993749,0.007053308,0.007267044
2016,18,Georgia,17,8,24,1,13,14,11,16,10,15,0.013847583,0.029426114,0.009808705,0.235408913,0.018108378,0.016814922,0.02140081,0.014713057,0.023540891,0.015693928
2016,19,North Dakota,28,22,15,1,29,13,1,8,4,21,0.008263508,0.010517192,0.015425214,0.231378213,0.007978559,0.017798324,0.231378213,0.028922277,0.057844553,0.01101801
2016,20,South Carolina,19,15,20,1,9,25,30,19,16,42,0.011982645,0.015178017,0.011383512,0.227670249,0.025296694,0.00910681,0.007589008,0.011982645,0.014229391,0.00542072
2016,21,Indiana,20,37,5,1,33,27,36,26,36,18,0.011212191,0.006060644,0.044848765,0.224243824,0.006795267,0.008305327,0.006228995,0.008624762,0.006228995,0.01245799
2016,22,Texas,18,2,5,1,2,3,15,23,15,27,0.012281374,0.110532365,0.044212946,0.221064729,0.110532365,0.073688243,0.014737649,0.00961151,0.014737649,0.008187583
2016,23,Ohio,22,6,24,1,22,6,20,20,11,9,0.009913831,0.036350715,0.009087679,0.218104292,0.009913831,0.036350715,0.010905215,0.010905215,0.019827663,0.02423381
2016,24,Minnesota,29,12,24,1,43,16,20,24,13,10,0.007425458,0.017944857,0.008972428,0.215338279,0.005007867,0.013458642,0.010766914,0.008972428,0.016564483,0.021533828
2016,25,Arkansas,30,18,24,1,38,19,20,22,21,22,0.007091535,0.011819225,0.008864419,0.212746054,0.00559858,0.011197161,0.010637303,0.009670275,0.010130764,0.009670275
2016,26,Wisconsin,25,23,24,1,42,24,26,33,25,17,0.008412397,0.009143909,0.008762913,0.210309918,0.005007379,0.008762913,0.008088843,0.006373028,0.008412397,0.012371172
2016,27,Arizona,26,16,24,1,39,30,26,27,26,23,0.008000561,0.013000912,0.008667275,0.208014598,0.005333708,0.00693382,0.008000561,0.007704244,0.008000561,0.009044113
2016,28,Colorado,21,28,5,1,26,36,15,21,29,24,0.00980223,0.007351673,0.041169366,0.205846832,0.007917186,0.005717968,0.013723122,0.00980223,0.007098167,0.008576951
2016,29,Iowa,27,32,20,1,31,34,35,31,30,28,0.007547965,0.006368595,0.010189752,0.203795047,0.006574034,0.005993972,0.005822716,0.006574034,0.006793168,0.007278395
2016,30,Washington,24,9,24,1,25,17,26,29,23,16,0.008410379,0.022427676,0.008410379,0.201849087,0.008073963,0.011873476,0.007763426,0.006960313,0.008776047,0.012615568
2016,31,Oregon,33,17,24,1,37,22,20,25,17,32,0.006060606,0.011764706,0.008333333,0.2,0.005405405,0.009090909,0.01,0.008,0.011764706,0.00625
2016,32,Michigan,35,14,24,1,27,12,36,37,35,14,0.005663996,0.01415999,0.008259994,0.198239863,0.007342217,0.016519989,0.005506663,0.005357834,0.005663996,0.01415999
2016,33,Maryland,31,33,24,1,40,40,36,40,40,13,0.006340698,0.005956413,0.008190068,0.196561632,0.004914041,0.004914041,0.005460045,0.004914041,0.004914041,0.015120126
2016,34,Maine,32,44,24,1,32,48,36,42,42,38,0.006092469,0.004430887,0.008123293,0.194959022,0.006092469,0.004061646,0.005415528,0.004641881,0.004641881,0.005130501
2016,35,Pennsylvania,36,13,24,1,35,15,36,38,39,7,0.005372956,0.014878954,0.008059433,0.193426404,0.005526469,0.012895094,0.005372956,0.005090169,0.004959651,0.027632343
2016,36,Mississippi,38,25,24,1,41,29,30,32,22,36,0.005051545,0.007678349,0.00799828,0.19195872,0.00468192,0.006619266,0.006398624,0.00599871,0.008725396,0.005332187
2016,37,Louisiana,34,35,5,1,23,28,15,35,43,30,0.005604453,0.005444326,0.038110282,0.190551412,0.008284844,0.006805408,0.012703427,0.005444326,0.004431428,0.006351714
2016,38,Hawaii,43,21,24,1,10,46,30,36,27,45,0.004400008,0.009009541,0.007883348,0.18920036,0.018920036,0.004113051,0.006306679,0.005255566,0.007007421,0.004204452
2016,39,Vermont,42,40,24,1,30,39,30,34,33,29,0.004473853,0.004697546,0.007829243,0.187901825,0.006263394,0.004817996,0.006263394,0.005526524,0.005693995,0.006479373
2016,40,Rhode Island,37,42,24,1,45,45,36,45,41,26,0.00504466,0.004444105,0.007777184,0.186652411,0.004147831,0.004147831,0.005184789,0.004147831,0.004552498,0.007178939
2016,41,New York,39,7,24,1,24,5,36,41,37,2,0.004755103,0.026492718,0.007727043,0.185449023,0.007727043,0.037089805,0.005151362,0.004523147,0.005012136,0.092724512
2016,42,California,40,1,24,1,47,2,36,43,38,1,0.004607221,0.184288833,0.007678701,0.184288833,0.003921039,0.092144417,0.005119134,0.004285787,0.004849706,0.184288833
2016,43,West Virginia,41,38,24,1,34,33,36,44,44,31,0.004467543,0.004820243,0.007632052,0.183169251,0.005387331,0.005550583,0.005088035,0.004162938,0.004162938,0.005908686
2016,44,Delaware,44,41,24,1,3,42,36,46,44,48,0.004138361,0.004441168,0.007586996,0.1820879,0.060695967,0.004335426,0.005057997,0.003958433,0.004138361,0.003793498
2016,45,New Mexico,47,34,23,1,28,10,30,28,24,49,0.00385197,0.005324782,0.007871417,0.181042597,0.006465807,0.01810426,0.006034753,0.006465807,0.007543442,0.003694747
2016,46,Kentucky,45,46,24,1,48,32,36,47,46,12,0.004000696,0.003913724,0.007501305,0.180031327,0.003750653,0.005625979,0.00500087,0.003830454,0.003913724,0.015002611
2016,47,Massachusetts,46,48,24,1,50,23,36,49,48,5,0.00389244,0.003730255,0.00746051,0.179052232,0.003581045,0.00778488,0.004973673,0.003654127,0.003730255,0.035810446
2016,48,New Jersey,49,50,24,1,44,8,36,39,47,6,0.003634767,0.003562072,0.007420983,0.178103594,0.004047809,0.022262949,0.004947322,0.004566759,0.003789438,0.029683932
2016,49,Connecticut,48,47,24,1,46,44,36,48,48,8,0.00369133,0.003769869,0.007382659,0.17718382,0.003851822,0.004026905,0.004921773,0.00369133,0.00369133,0.022147978
2016,50,Illinois,50,49,24,1,49,9,36,50,48,3,0.003525829,0.003597784,0.007345476,0.176291434,0.003597784,0.019587937,0.004896984,0.003525829,0.003672738,0.058763811